project,ch.uzh.ciclassifier.features.configuration.EnvSize,ch.uzh.ciclassifier.features.configuration.NumberOfComments,ch.uzh.ciclassifier.features.configuration.NumberOfConfigurationLines,ch.uzh.ciclassifier.features.configuration.NumberOfJobs,ch.uzh.ciclassifier.features.configuration.NumberOfNotifications,ch.uzh.ciclassifier.features.configuration.NumberOfStages,ch.uzh.ciclassifier.features.configuration.ParseScore,ch.uzh.ciclassifier.features.configuration.TemplateSimilarity,ch.uzh.ciclassifier.features.configuration.UniqueInstructions,ch.uzh.ciclassifier.features.configuration.UseBranches,ch.uzh.ciclassifier.features.configuration.UseCache,ch.uzh.ciclassifier.features.configuration.UseDeploy
BhallaLab_moose-examples,0,0,26,1,1,1,12,6,8,0,0,0
spring-guides_gs-accessing-data-mongodb,0,0,12,1,1,1,12,6,1,0,0,0
libbitcoin_libbitcoin-server,1,15,111,6,0,1,43,7,20,0,0,0
cisco_openh264,2,0,43,5,0,1,2,7,15,0,0,0
wilr_silverstripe-googlesitemaps,5,1,33,2,0,1,2,19,10,0,0,0
playframework_play1,0,0,28,1,2,1,11,10,2,0,0,0
cncf_devstats,1,6,46,1,3,1,2,6,19,0,0,0
collinmutembei_III,0,0,25,1,0,1,11,11,5,1,0,0
TakWolf_Android-AspectRatioLayout,0,0,21,1,0,1,2,5,3,0,1,0
microsoft_pxt,2,0,30,1,1,1,10,12,5,0,1,0
cburgmer_xmlserializer,0,0,4,1,0,1,2,3,0,0,0,0
ai_autoprefixer-rails,1,0,15,4,0,1,3,7,2,0,1,0
spryker_product-image,3,0,38,3,0,1,3,21,6,0,1,0
mahmoud-birdsol_laravel-api-responses,0,0,17,4,0,1,2,15,2,0,1,0
symfony-cmf_block-bundle,8,13,67,4,1,1,14,23,10,0,1,0
phax_as2-lib,2,1,56,3,0,1,11,9,3,1,1,0
firegento_firegento-pdf,1,0,23,5,0,1,13,18,1,0,0,0
moimikey_stripquotes,0,0,6,3,0,1,2,4,0,0,0,0
sergeyklay_php-orm-benchmark,4,2,97,42,1,1,3,56,28,0,1,0
hellige_ccs-cpp,5,0,84,8,0,1,3,3,8,0,0,0
apache_druid,14,58,637,77,1,3,1,9,42,0,1,0
ccnmtl_mediathread,1,2,28,4,0,1,1,10,2,0,1,0
ArpNetworking_metrics-jvm-extra,2,0,18,1,0,1,13,6,4,0,1,0
Cadasta_cadasta-platform,4,0,75,3,1,1,12,13,25,0,0,0
rapid7_nexpose-client,2,0,24,4,0,1,113,8,1,1,1,0
thinkshout_feeding-texas,1,0,23,1,0,1,12,7,6,1,0,0
concrete5_concrete5,0,2,85,8,0,1,12,16,8,0,1,0
galaxyproject_bioblend,3,11,120,16,0,3,2,15,28,0,0,0
wantedly_dockerfile-terraform,0,0,11,1,1,1,13,6,2,0,0,0
react-boilerplate_react-boilerplate,0,0,26,2,1,1,2,6,6,0,1,0
apigee-internal_microgateway,0,3,42,6,1,4,83,4,2,0,0,0
inspirehep_inspire-next,7,27,100,4,0,1,33,13,9,0,0,1
UB-Mannheim_PalMA,0,12,26,1,0,1,13,4,6,0,0,0
unepwcmc_ORS-API,0,1,14,1,1,1,102,8,3,0,0,0
alibaba_transmittable-thread-local,0,22,64,1,0,1,1,10,10,1,1,0
lightswitch05_table-to-json,0,0,5,3,0,1,2,4,0,0,0,0
chef-cookbooks_chef-client,2,0,94,66,0,1,104,9,5,1,0,0
pyromoney_pyromoney-api,0,0,17,1,0,1,2,0,5,0,0,0
cosmicradiotv_livehub,0,0,13,2,0,1,2,15,4,0,0,0
fenix-framework_fenix-framework,0,0,6,2,0,1,2,1,0,0,0,0
alphagov_digitalmarketplace-buyer-frontend,0,0,17,4,0,1,2,10,3,0,0,0
fenos_Notifynder,2,16,82,19,1,1,113,31,8,0,1,0
wavefrontHQ_wavefront-sdk-python,0,0,41,4,0,1,3,11,12,0,0,1
HofSpannungMotorsport_CarSoftware,0,46,68,1,0,1,12,4,3,0,1,0
puppetlabs_puppetlabs-postgresql,4,0,125,9,1,3,0,13,16,1,1,1
neu-rah_ArduinoMenu,1,35,74,4,0,1,12,5,10,0,1,0
mehrmann_raytracing,0,0,17,2,0,1,3,2,4,0,0,0
controlshift_nation_builder,0,0,4,1,0,1,2,3,0,0,0,0
Starou_django-stachoutils,1,0,33,5,0,1,12,7,9,0,0,0
js-kyle_mincer,0,0,6,2,0,1,12,4,0,0,0,0
skandragon_gryphon_sitemap,0,0,15,5,1,1,3,5,2,0,0,0
microfocus-idol_java-idol-types,2,5,20,1,0,1,2,5,2,0,0,0
joshuaalpuerto_one-piece-skills,0,0,18,1,0,1,2,7,3,0,1,0
DAVKronos_Kronos-Website,0,0,16,1,1,1,2,8,5,0,1,0
talenfisher_x3p.js,0,0,37,3,1,1,25,8,10,0,0,1
lets-blade_blade,0,0,18,1,0,1,12,5,3,0,0,0
janbar_noson,0,2,39,2,0,1,11,6,7,0,0,0
litl_rauth,0,0,12,3,0,1,2,6,5,0,0,0
leafty_node-yaml-config,0,0,9,4,0,1,2,6,1,0,0,0
HonoluluHenk_gcmonitor,0,8,48,4,0,3,1,11,7,0,1,0
puppetlabs_puppetlabs-apache,4,0,138,11,1,3,0,12,17,1,1,0
intel_libyami-utils,0,16,97,1,1,1,11,7,38,0,0,0
propertyshelf_plone.mls.listing,1,1,65,5,2,1,12,14,14,0,1,0
Infineon_BlockchainSecurity2Go-Android,2,6,33,1,0,1,2,7,3,0,0,0
VerizonAdPlatforms_OneMobileSDK-controls-android,0,6,54,1,1,1,32,9,3,0,1,1
CocoaPods_Cork,0,0,11,1,0,1,1,5,0,1,1,0
eXolnet_laravel-module,0,0,21,2,0,1,12,15,3,0,0,0
algolia_algoliasearch-client-javascript,0,0,8,1,0,1,3,4,1,1,0,0
ciudadanointeligente_write-it,1,4,28,2,0,1,12,8,6,0,0,0
shubhra11mishra_pal-tracker,1,0,40,2,0,2,24,4,4,0,0,0
armada-ths_ais,1,0,27,2,1,1,2,10,5,0,1,0
adhearsion_adhearsion,3,2,32,7,1,1,3,7,3,0,0,0
HeliumProject_Engine,2,0,68,8,1,1,12,8,7,0,0,0
mapbox_mapbox-gl-styles,0,0,12,2,1,1,12,6,2,0,0,0
TrestleAdmin_trestle,0,0,28,11,0,1,2,8,3,0,1,0
RestComm_jdiameter,0,1,9,1,0,1,12,4,0,0,0,0
jredmondson_gams,19,16,164,13,0,1,1,9,28,1,0,0
OpenSOC_opensoc-streaming,0,0,15,1,2,1,2,4,1,0,0,0
kostopoulos_todo_mvc,0,0,7,1,0,1,2,5,2,0,0,0
jenkinsci_warnings-plugin,0,0,7,1,0,1,2,4,2,0,0,0
BhallaLab_moose-core,0,0,36,2,1,1,23,6,5,0,0,0
bpmn-io_diagram-js,0,0,6,1,0,1,2,4,2,0,0,0
masneyb_cavedbmanager,0,0,17,1,0,1,13,6,5,0,0,0
NYPL-Simplified_server_core,7,0,53,1,0,1,11,11,15,0,1,0
liip_LiipThemeBundle,2,0,47,11,0,1,13,22,7,0,1,0
tinymce_tinymce,0,0,21,1,0,1,1,6,5,0,1,0
mixpanel_mixpanel-js,0,0,7,2,0,1,2,4,1,0,0,0
brwyatt_puppet-flatpak,3,0,55,4,0,3,103,11,5,1,1,1
77web_DependencyAnalyzerUsage,0,0,34,2,0,1,113,18,4,0,1,0
yarynakorduba_public-transport-networks,0,0,16,1,0,1,13,7,3,0,1,1
Lartu_ldpl,1,0,15,1,0,1,0,4,3,0,0,0
rcannood_incgraph,0,0,3,1,0,1,12,1,0,0,0,0
zuixjs_zuix,0,2,13,1,0,1,2,8,2,0,0,0
ULYSSIS-KUL_ipp,0,0,14,1,0,1,2,7,5,0,0,0
mapbox_cardboard,1,0,12,2,0,1,12,6,1,0,0,0
doorkeeper-gem_doorkeeper-jwt,0,0,6,3,0,1,2,3,0,0,0,0
sensu_sensu-chef,0,2,25,1,0,1,12,5,7,0,0,0
fastdlabs_container,0,0,8,1,0,1,2,13,2,0,0,0
ianstormtaylor_slate,1,4,32,3,0,1,3,6,3,0,1,0
gluehbirnenkopf_gradle-jib,0,0,14,1,0,1,2,6,5,0,1,0
jubatus_jubatus,0,14,66,1,0,1,2,6,25,1,0,0
twaugh_journal-brief,0,0,15,2,0,1,12,6,5,0,0,0
JNRowe_versionah,2,0,39,5,0,1,12,13,10,1,0,0
moneyadviceservice_publify,1,0,12,1,0,1,2,6,4,0,1,0
sympy_sympy-bot,0,0,13,1,0,1,12,5,3,0,0,0
PR2_pr2_calibration,6,17,47,4,0,1,12,8,8,0,0,0
excamera_alfalfa,0,0,37,1,1,1,112,6,7,0,0,0
olssonm_l5-very-basic-auth,2,0,44,7,0,1,0,10,3,0,0,0
reactjs_react-docgen,0,1,26,4,0,1,15,9,2,0,1,1
gds-operations_puppet-auditd,1,0,16,2,0,1,3,6,2,0,0,0
lsphillips_RuntimeError,0,0,4,1,0,1,2,3,0,0,0,0
hakan42_chronos,0,0,22,1,0,1,2,4,16,0,0,0
apache_jena,1,0,10,2,0,1,1,4,2,0,0,0
Sage-Bionetworks_BridgeJavaSDK,0,0,12,1,0,1,12,5,1,0,0,1
azkaban_azkaban,1,2,37,1,1,1,10,9,5,0,1,0
popphp_pop-loader,0,0,14,1,0,1,2,16,3,1,0,0
luoqii_android_common_lib,2,10,49,1,0,1,13,8,10,0,0,0
celery_celery,4,0,141,14,1,4,0,16,13,0,1,0
culqi_culqi-java,0,0,15,2,1,1,11,7,1,0,0,0
demianmnave_CML,1,0,53,6,0,1,3,5,8,1,0,0
thoughtbot_suspenders,0,0,16,1,0,1,2,8,7,0,1,0
Integreat_cms,0,7,44,1,0,1,12,39,26,0,0,0
hyperflow-wms_hyperflow,1,0,26,1,0,1,12,9,1,0,0,1
siddharthkp_bundlesize,0,0,9,1,0,1,2,5,0,0,1,0
gmontard_dockrails,0,0,7,2,0,1,2,5,1,0,1,0
jjYBdx4IL_example-maven-project-setups,0,1,27,1,0,1,1,8,10,0,0,0
wmde_FundraisingFrontend,1,5,42,1,1,1,2,24,9,0,1,0
roschaefer_story.board,0,0,31,1,1,1,22,10,4,0,0,1
olivierHa_puppet-influxdb,2,0,21,4,1,1,13,6,4,0,1,0
SuperdeskWebPublisher_SWPMultiTenancyBundle,1,0,33,4,0,1,13,24,6,0,1,0
dimazest_poultry,0,0,14,1,0,1,2,6,4,0,0,0
yegor256_hoc,0,0,29,1,0,1,2,9,11,1,1,0
madhephaestus_ESP32Encoder,1,21,42,1,0,1,12,5,3,0,1,0
travis-ci_travis-api,5,0,42,4,0,2,14,11,4,0,1,0
lttb_reselector,0,0,12,1,0,1,1,5,3,0,1,0
glut23_webvtt-py,0,0,13,6,0,1,2,9,2,0,0,0
spotify_annoy,2,0,34,10,0,1,4,6,2,0,0,0
mate-desktop_caja-dropbox,1,1,76,4,1,1,0,11,6,1,0,1
metamx_java-util,0,0,11,1,0,1,11,6,0,0,1,0
epics-base_pvDatabaseCPP,7,0,32,11,0,1,12,7,2,0,0,0
openknowledge_reactive-jaxrs,1,5,27,1,0,1,12,8,2,0,1,0
spree-contrib_spree_i18n,1,0,50,14,0,1,0,11,7,0,0,0
cakephp_acl,5,0,57,13,0,1,3,30,11,0,0,0
rspec_rspec-core,1,3,36,7,0,1,12,9,4,1,1,0
enkessler_childprocess,3,0,38,21,0,1,14,8,3,0,1,0
frappe_erpnext,0,0,70,2,0,1,1,10,31,0,1,0
europeana_Europeana-Patternlab,0,0,5,1,0,1,2,3,0,0,0,0
rapid7_recog,2,0,26,3,0,1,13,10,4,1,1,0
yeoman_generator,9,0,21,2,0,1,12,6,0,0,0,0
amadeus4dev_amadeus-java,0,3,40,1,0,1,27,9,3,0,0,1
nguyentu1602_algorithm-tdd,0,0,4,1,0,1,2,1,1,0,0,0
elopez17_Soundwave,0,0,12,1,0,1,2,6,4,0,0,0
agateblue_django-navutils,1,3,45,12,0,1,3,6,2,0,0,0
ultraq_redhorizon,0,1,7,1,0,1,2,2,1,0,0,0
OCA_report-print-send,6,2,45,3,0,1,13,8,5,0,1,0
naparuba_shinken,1,12,39,12,0,1,2,9,3,0,1,0
butcherless_gradle-and-java8,0,0,13,1,0,1,2,4,2,0,0,0
telerik_kendo-ui-core,0,0,17,1,0,1,11,7,0,0,1,0
arches_table_print,0,0,10,6,0,1,2,3,0,0,0,0
gbmhunter_MFixedPoint,0,9,34,1,0,1,11,7,3,0,0,0
envato_event_sourcery_todo_app,0,0,10,1,0,1,12,5,2,0,0,0
scrapinghub_scrapinghub-entrypoint-scrapy,1,0,36,4,0,1,4,9,3,1,1,1
AaronRobson_py-elementary-cellular-automaton,0,0,21,4,0,1,2,10,6,0,0,0
phoet_on_ruby,0,0,13,1,0,1,12,8,2,0,1,0
aodn_aodn-portal,3,0,11,1,0,1,12,3,0,0,0,0
alexloboda_SVDFunctions,0,0,13,1,0,1,11,4,0,0,1,0
tarantool_test-run,0,0,15,1,0,1,2,5,6,0,0,0
doctrineum_doctrineum-string,0,0,19,3,0,1,3,17,4,0,0,0
browserify_browserify,0,1,24,10,0,1,13,15,3,0,0,0
akamai_AkamaiOPEN-edgegrid-java,0,0,6,1,0,1,11,5,0,0,0,0
bitcoin-computer_bitcoin-source,0,1,18,1,0,1,2,3,5,0,1,0
thephpleague_flysystem-sftp,1,0,34,12,0,1,14,21,2,0,1,0
WGBH_wagtail-streamfieldtools,1,9,31,9,0,1,12,7,7,0,0,0
ThaDafinser_UserAgentParser,1,1,32,8,0,1,14,22,4,0,0,0
yildiz-online_common-logging-logback,0,0,21,1,0,1,11,6,2,0,1,0
LucaCappelletti94_dictances,1,1,34,1,0,1,2,13,6,0,1,0
Dash-Labs_octo-receiver,2,0,23,2,2,1,2,7,8,0,0,0
I2PC_scipion,1,1,13,1,0,1,21,6,1,0,0,0
enthought_traitsui,4,4,62,3,1,1,2,9,10,0,1,0
LabSEC_libcryptosec,1,0,28,1,0,1,13,6,7,0,0,0
ipfs-shipyard_ipscend,1,1,33,3,0,1,13,9,6,0,0,0
riesenia_kendo,0,0,18,3,0,1,2,17,4,0,1,0
collective_collective.nitf,2,3,47,3,1,1,3,14,10,0,1,0
jejacks0n_teaspoon,3,0,30,4,0,1,12,9,8,0,1,0
fluent_fluentd,1,6,78,11,0,1,12,5,1,1,1,0
NUBIC_surveyor,1,2,18,4,1,1,2,6,2,0,0,0
chaoss_grimoirelab-perceval-puppet,0,0,28,3,0,1,12,9,10,0,0,0
AraBlocks_did-document-public-key,0,0,12,1,0,1,2,6,3,0,1,0
appserver-io_console,0,0,27,2,2,1,103,18,9,0,0,0
scikit-learn_scikit-learn,8,9,59,3,1,1,2,11,4,0,1,0
OhadR_oAuth2-sample,0,1,9,1,0,1,1,4,0,0,0,0
tildeio_rsvp.js,1,0,18,3,0,1,2,7,4,0,0,0
epistrephein_rarbg,1,0,28,6,0,1,3,10,4,1,0,0
icewind1991_SMB,2,0,58,8,0,1,12,23,14,0,0,0
DomRe_galaxy,0,1,36,1,0,1,24,6,14,1,0,1
usemarkup_OEmbedBundle,1,0,31,5,1,1,2,19,5,0,0,0
watir_watir-rails,0,0,16,8,1,1,4,6,0,0,0,0
ElMassimo_mongoid_includes,4,0,35,2,0,1,3,9,7,0,0,0
spiral_scaffolder,0,0,20,4,0,1,2,15,3,0,0,0
ITDSystems_alvex-orgchart,0,0,44,1,1,1,12,10,12,0,1,0
php-tmdb_laravel,1,0,28,14,0,1,4,17,3,0,0,0
bitchcraft_reactjs-boilerplate,0,0,23,4,0,3,12,7,3,0,0,0
juju-solutions_layer-basic,1,0,61,6,0,1,22,9,4,0,0,0
guardian_scribe-plugin-noting,4,0,29,8,0,1,103,7,1,0,1,0
HubSpot_jinjava,0,4,27,1,1,1,11,9,1,0,1,0
Erebot_Module_IrcTracker,0,0,61,6,1,2,28,24,9,0,1,0
gabynaiman_eternity,0,0,28,12,0,1,4,6,2,0,0,0
miguno_ksql-udf-examples,0,4,12,1,0,1,2,3,0,0,0,0
yamamuteki_chi-bus.jp,0,0,10,1,0,1,2,5,4,0,0,0
OCA_commission,5,1,50,3,0,2,2,11,6,0,1,0
barnabycolby_MMM-Carousel,0,0,7,2,0,1,2,5,2,0,0,0
unepwcmc_SAPI,2,1,26,1,1,1,213,10,4,0,1,0
volcoma_itc,3,2,120,7,0,1,12,4,5,0,0,0
HdrHistogram_HdrHistogram,0,0,6,3,0,1,2,2,0,0,0,0
NetCommons3_Boxes,7,2,43,5,1,1,12,23,7,0,0,0
unix-junkie_javafs,0,0,8,1,0,1,2,2,0,0,0,0
ncri_nested_form_fields,0,0,23,8,0,1,13,7,1,0,1,0
Zeex_samp-plugin-profiler,0,0,28,1,0,1,13,5,6,0,0,1
rajithaw_workflow-designer,0,0,18,1,0,1,22,7,2,0,1,1
acquiropay_php-sdk,0,0,17,2,0,1,12,16,2,0,1,0
locationtech_udig-platform,2,2,52,3,1,1,12,14,15,0,1,0
php-telegram-bot_telegram-bot-manager,1,0,52,4,1,1,1,26,5,0,1,0
BladeRunnerJS_brjs,0,0,17,1,1,1,112,9,5,0,0,0
expectedbehavior_acts_as_archival,0,0,24,15,0,1,3,7,1,0,1,0
zeeguu-ecosystem_Zeeguu-Core,0,0,22,1,0,1,2,8,4,0,1,0
catamphetamine_libphonenumber-js,0,4,16,1,0,1,12,7,3,0,0,0
JeroenDeDauw_FileFetcher,0,0,30,4,0,1,13,19,3,0,1,0
sourcelair_castor,4,1,28,2,0,1,4,9,3,0,0,0
shoes_shoes4,0,4,53,10,2,1,113,11,8,0,1,0
EliseJ_astroABC,0,1,20,2,0,1,2,6,7,0,0,0
microsoft_pxt-common-packages,0,0,17,1,1,1,12,8,2,0,1,0
NethServer_nethserver-lang,4,0,34,1,0,1,2,7,3,1,0,0
letrunghieu_wordpress-xmlrpc-client,0,0,24,6,0,1,3,17,3,0,0,0
asgrim_quality-tutorial,0,0,31,4,0,4,2,9,8,0,0,0
zinhart_ann,0,4,42,1,1,1,11,10,9,1,0,0
ruby-grape_grape,0,2,65,21,0,1,13,5,5,0,0,0
satya-das_cppparser,2,0,38,2,0,1,3,3,9,0,0,0
rburgst_okhttp-digest,0,0,13,1,0,1,1,7,3,0,1,0
XadillaX_Toshihiko-Memcached,0,0,27,3,0,1,23,10,3,0,0,0
BzCoder_SmartMediaPicker,0,0,23,1,0,1,12,6,5,0,0,0
gatgui_gcore,1,2,40,2,0,1,3,6,4,0,0,0
AppDirect_service-integration-sdk,0,0,22,1,1,1,12,6,1,0,0,1
gephi_gephi,0,8,66,2,0,1,13,12,14,1,1,0
groupdocs-total_GroupDocs.Total-for-Java-Dropwizard,0,1,40,8,0,4,12,9,9,0,0,0
GeBeater_dozer-jdk8-support,0,0,8,2,0,1,2,3,0,0,0,0
narunlifescience_runcircos-gui,0,0,11,1,0,1,1,3,5,0,0,0
heroku_configerator,0,0,10,5,0,1,13,4,1,0,0,0
iesdonana_mueveme-barba,0,6,42,1,0,1,11,22,8,0,0,0
horde_Url,0,0,20,7,0,1,2,17,4,0,0,0
puppetlabs_puppetlabs-mysql,4,0,138,11,1,3,0,12,17,1,1,0
umple_umple,5,27,139,2,0,1,3,9,23,0,1,0
arturictus_easy_serializer,1,2,37,12,0,1,113,9,3,0,1,0
glorpen_GlorpenPropelBundle,3,0,33,10,0,1,3,11,4,0,0,0
ahartoto_booklib,0,4,37,1,1,1,11,10,8,0,1,0
nfroidure_yerror,0,0,12,4,0,1,2,7,1,0,0,0
vle-forge_vle,3,0,143,9,1,1,22,7,6,1,0,0
hiqdev_omnipay-ecoin,0,0,28,4,0,1,12,20,7,0,1,0
objectiveweb_auth,0,0,19,6,0,1,12,16,3,0,0,0
telefonicaid_fiware-orion,2,0,21,3,0,1,13,8,6,0,0,0
japzio_docker-registry-helpers,0,0,18,2,0,1,1,6,3,0,0,0
davidmoten_logan,0,0,4,1,0,1,2,2,0,0,0,0
fosstp_fosstp,0,2,19,2,0,1,2,8,7,0,0,0
inthemill_istanbul-tolerant-merge,0,0,3,1,0,1,2,3,0,0,0,0
panterch_future_kids,0,0,16,1,0,1,1,7,4,0,1,0
thedava_xspf-tools,0,4,22,2,1,1,2,16,3,0,0,0
telemark_minelev-notifications,0,0,5,1,0,1,2,4,0,0,0,0
OCA_geospatial,5,8,50,3,0,1,13,11,9,0,1,0
gottfrois_link_thumbnailer,0,0,6,3,0,1,2,3,0,0,0,0
ff4j_ff4j,1,0,10,1,0,1,2,3,0,0,0,0
aimalz_chippr,0,19,43,1,0,1,2,5,8,0,0,0
amiroff157_smarthaus,0,0,14,1,0,1,3,5,2,0,0,1
jeremyong_Selene,2,0,23,2,0,1,2,5,9,0,0,0
OCA_product-attribute,5,1,50,3,0,2,2,11,6,0,1,0
zzdhidden_wechat-next,0,0,16,1,0,1,2,5,1,0,1,0
spot-next_core-next,1,16,67,1,2,1,22,11,7,0,1,1
gushphp_ToInlineStyleEmailBundle,0,0,10,1,0,1,2,13,2,0,0,0
cibox_cibox,0,3,21,1,0,1,12,5,6,0,0,0
miraheze_mw-config,0,1,20,2,1,1,1,16,1,0,0,0
Kitware_kwiver,2,4,69,2,0,1,2,5,16,0,1,0
nipy_nipype,7,2,85,13,0,1,0,14,11,0,1,0
neobrain_nihstro,0,0,26,1,0,1,11,3,6,0,0,0
austintoddj_zoom,1,0,26,2,0,1,13,15,6,0,0,0
react-boilerplate_react-boilerplate,0,0,26,2,1,1,2,6,6,0,1,0
smartdevicelink_sdl_core,3,0,33,1,0,1,21,6,8,0,0,0
eymengunay_php-passbook,0,0,12,4,0,1,2,14,2,0,0,0
railsbridge_docs,0,0,6,1,0,1,12,3,0,0,1,0
PluginsOCSInventory-NG_officepack,0,0,21,3,0,1,2,17,5,1,0,0
ReadyTalk_avian,3,3,26,1,0,1,3,5,1,0,1,0
leancloud_javascript-sdk,0,0,21,1,0,1,12,7,4,0,0,0
LaTruelle_Geac,1,0,35,2,0,1,13,3,3,0,0,0
OCA_reporting-engine,7,2,38,3,0,1,13,8,4,0,1,0
kachick_abb,0,0,17,5,0,1,3,5,1,0,0,0
nx-desktop_nx-simplemenu-applet,0,0,27,1,1,1,23,9,4,1,0,1
OpenTOSCA_container,0,0,11,1,0,1,11,6,1,0,0,0
Datamart_Komito,0,2,9,1,0,1,12,4,2,0,0,0
liuxsen_date-api,0,0,17,1,0,1,33,6,2,0,0,1
concord-consortium_rigse,6,17,95,7,0,3,112,12,17,0,1,0
spring-guides_gs-accessing-data-jpa,0,0,10,1,1,1,12,5,1,0,0,0
BigRedEye_cpparg,0,0,26,2,0,1,11,5,6,0,0,0
psfs_nosql,0,0,22,5,0,1,3,16,3,0,0,0
PODEntender_estatista,0,0,31,1,0,1,17,22,9,0,1,1
Azure_azure-sdk-for-node,0,0,6,2,0,1,12,4,0,0,0,0
statickidz_php-google-translate-free,0,2,17,5,0,1,2,14,2,0,0,0
webpack-contrib_npm-install-webpack-plugin,0,0,21,3,0,1,12,10,4,1,1,0
bulentv_js_zklib,0,0,16,1,0,1,3,4,1,0,1,1
cms-sw_cms-bot,0,2,16,2,1,1,2,7,4,0,0,0
kimihito_minotake,0,0,9,1,0,1,4,3,0,0,0,1
abdes_asap_app_imgui,1,56,285,13,0,1,2,4,24,0,0,0
Rubentxu_DreamsLibGdx,0,0,3,1,0,1,2,3,1,0,0,0
samrap_acf-fluent,0,0,11,2,0,1,2,13,2,0,0,0
construct-org_construct,0,0,16,5,0,1,2,6,4,0,0,0
mootools_mootools-core,3,0,56,31,0,1,14,7,0,0,1,0
ITArray_automotion-java,0,0,10,1,1,1,12,6,1,0,0,0
NTIA_scos-sensor,0,4,32,1,0,1,11,10,10,0,0,0
usharesoft_hammr,0,0,10,1,0,1,2,5,4,0,0,0
lschoe_mpyc,0,0,11,5,0,1,2,9,2,0,0,0
Eyescale_Equalizer,6,1,60,4,1,1,33,7,10,0,0,0
puppetlabs_hiera,1,5,35,6,0,1,13,8,2,0,0,0
royriojas_eslint-friendly-formatter,0,0,4,1,0,1,2,3,0,0,0,0
krishauser_KrisLibrary,0,4,24,2,0,1,1,4,1,0,0,0
vluzrmos_laravel-language-detector,0,0,15,5,0,1,2,14,3,0,0,0
marvinpinto_ansible-role-docker,0,0,34,1,2,1,11,10,8,0,0,0
ichylinux_closer,0,0,17,3,0,1,12,6,3,1,1,0
okpy_ok,4,0,34,2,1,1,12,12,5,0,1,0
lessersunda_lexirumah-data,0,0,23,1,0,1,111,10,9,0,0,1
Dynatrace_openkit-java,3,33,131,5,0,1,33,9,2,0,0,1
Kashomon_glift,0,0,6,1,0,1,2,5,2,0,0,0
ruby-grape_grape-entity,0,0,27,7,0,1,3,6,1,0,0,0
Tokimon_vanillajs-helpers,0,0,13,1,0,1,2,6,4,0,0,0
Aplyca_ansible-role-webapp,0,1,18,1,0,1,2,6,4,0,0,0
voxpupuli_puppet-vault_lookup,3,2,51,5,1,1,103,9,2,1,1,1
qossmic_rich-model-forms-bundle,4,0,42,7,0,1,3,14,7,0,1,0
spryker_stock,3,0,38,3,0,1,3,21,6,0,1,0
hawaiidatascience_metaflowmics,1,0,28,1,0,1,1,6,11,0,0,0
libbitcoin_libbitcoin-blockchain,1,15,105,6,0,1,43,7,19,0,0,0
Adyen_adyen-mirakl,3,3,36,1,1,1,11,10,9,0,1,0
DMKEBUSINESSGMBH_typo3-mksearch,1,1,58,6,1,1,13,28,8,0,1,0
tna0y_Python-random-module-cracker,0,0,13,5,0,1,13,4,1,0,0,0
twitter_twitter-cldr-rb,1,0,23,36,0,1,13,6,1,0,1,0
OSGeo_gdal,2,131,184,1,1,1,24,8,3,1,0,0
shutterstock_rickshaw,1,0,18,2,0,1,2,6,1,0,0,0
jpbonson_SBBFramework,0,0,33,1,0,1,12,8,3,1,1,0
briancairl_twod,0,0,24,1,0,1,0,4,5,0,0,0
sensu-plugins_sensu-plugins-sentry,0,0,36,5,1,1,102,8,4,0,1,1
digidentity_libsaml,0,0,8,4,0,1,12,2,0,0,0,0
TeleMidia_ginga,0,0,20,1,1,1,12,5,2,0,0,0
NAL-i5K_tripal_eutils,3,6,35,1,0,1,2,28,12,0,0,0
thenables_thenify,0,0,10,4,0,1,2,6,1,0,0,0
VestniK_portable_concurrency,3,0,26,5,0,1,13,6,2,0,0,0
p-groarke_fea_benchmark,1,0,104,8,1,1,3,5,12,0,0,0
yadahan_laravel-cardcom,0,0,10,2,0,1,12,14,1,0,0,0
GermaniaKG_Tracking,0,1,25,4,0,1,2,16,5,0,0,0
Hashfyre_ansimp_le,0,0,15,1,0,1,12,4,2,0,0,0
remotestorage_remotestorage.js,0,0,15,2,0,1,12,5,3,1,1,0
PADL_CredUI,0,0,18,1,1,1,1,5,4,0,0,0
yitsushi_jenkins2-api,0,0,6,3,0,1,2,3,0,0,0,0
benedikt_mongoid-tree,1,0,23,7,0,1,3,6,2,0,0,0
dennisss_tansa,0,0,21,1,0,1,12,6,2,1,0,0
pytroll_trollsift,9,0,38,2,0,1,4,8,4,0,0,1
Paparoni_goatapp,0,0,27,1,0,1,22,8,6,1,0,0
magic-modules_magic-modules.github.io,1,0,28,2,0,1,3,8,3,0,1,0
silverstripe_silverstripe-cms,17,9,100,8,0,1,2,38,25,0,1,0
mavlink_qgroundcontrol,8,36,325,6,1,2,206,12,25,0,0,1
Jasig_WeatherPortlet,0,0,16,2,0,1,13,4,2,0,0,0
benbalter_site-inspector,0,0,10,1,0,1,12,5,2,0,1,0
h4tr3d_avcpp,1,49,137,7,0,1,1,7,9,0,1,0
fusion-jena_JaroWinklerSimilarity,0,0,2,1,0,1,2,3,1,0,0,0
splunk_splunk-sdk-python,1,11,47,4,0,1,12,9,14,0,0,0
wanze_SeoMaestro,0,4,29,3,0,1,2,14,8,0,0,0
choury_sproxy,2,1,509,56,0,1,1,3,2,0,0,0
kuzzleio_kuzzle,11,98,455,24,1,5,15,8,26,0,0,0
corphish_NightLight,0,0,19,1,0,1,2,5,2,0,0,0
protobuf-c_protobuf-c,2,0,33,1,0,1,21,6,8,0,0,0
mrtrizer_mojito-reflection,0,0,26,1,0,1,10,6,13,0,0,0
konuralp_myDemoApp,0,0,3,1,0,1,2,3,0,0,0,0
GMOD_jbrowse,1,10,126,2,0,1,58,14,27,0,1,1
rubygems_rubygems.org,1,0,58,4,0,1,3,13,10,0,1,0
hoaproject_Dispatcher,3,0,54,6,1,1,12,18,5,1,1,0
ingenesis_shopp,2,23,68,1,0,1,13,33,18,0,0,0
expertiza_expertiza,4,6,87,4,3,1,102,12,27,1,1,0
eFaps_Data-Exporter,0,0,23,1,0,1,2,6,4,0,1,0
uclouvain_osis,1,0,31,1,0,1,2,11,6,0,1,0
medialab-ufg_tainacan,1,1,51,3,1,1,53,24,9,0,1,0
spotify_luigi,12,5,106,14,0,1,82,13,6,1,1,0
dina-web-nrm_dina-collections,38,0,210,11,1,4,4,11,9,0,0,0
datamade_openness-project-nmid,0,0,37,1,0,1,2,9,5,1,0,1
ArcSigov_otus-homework4,0,0,33,1,0,1,43,5,12,0,0,1
OCA_account-invoicing,5,1,50,3,0,2,2,11,6,0,1,0
paddydoyle_ipam-lite,0,0,8,3,0,1,2,4,1,0,0,0
segiddins_segiddins.me,1,0,17,1,0,1,2,7,5,1,0,0
sleuthkit_autopsy,1,0,72,2,0,1,12,11,7,0,0,0
quantcast_qfs,5,23,101,12,0,1,43,11,3,0,0,1
gkatzioura_CloudStorageMaven,0,0,10,1,0,1,2,5,2,0,0,0
Mastercard-Gateway_simplify-android-sdk,0,2,32,1,0,1,12,7,4,0,1,1
pockethub_PocketHub,0,2,26,1,0,1,12,7,3,0,0,0
x42en_IOServer,0,0,12,3,0,1,10,6,0,0,0,0
ECAM-Brussels_PythonAdvanced2BA,0,0,4,1,0,1,2,4,1,0,0,0
moai_moai-dev,0,0,8,1,0,1,2,5,5,0,0,0
seikichi_pry-inline,0,0,12,4,0,1,3,5,1,0,0,0
rpherbig_dr-scripts,0,0,6,1,0,1,2,4,1,0,0,0
kamo-naoyuki_pytorch_complex,1,0,28,14,0,1,12,8,8,0,0,0
heremaps_here-aaa-java-sdk,2,0,16,1,0,1,2,6,3,0,1,0
usb-tools_USBProxy-legacy,0,3,34,1,0,1,13,7,8,0,1,0
dpkp_kafka-python,1,0,47,40,0,1,1,11,5,0,1,0
JaneliaSciComp_elk-utilities,0,1,17,1,0,1,1,10,8,0,0,0
nimiq_core-js,7,49,142,11,1,2,1,9,15,0,1,0
EasonWang01_All2Json,0,0,9,1,0,1,2,5,0,1,1,0
neka-nat_dq3d,2,2,31,3,0,1,13,6,2,0,0,0
samleb_sexy_scopes,1,1,53,30,0,1,13,9,5,1,0,0
alirazaalvi_ReactBoilerplate,0,0,6,3,0,1,2,4,0,0,0,0
CDAT_vcdat,0,1,30,1,0,1,12,4,19,0,0,0
NethServer_nethserver-base,4,0,39,1,0,1,2,6,1,1,0,0
rishiqing_rishiqing-electron,2,2,34,1,0,1,10,12,2,1,1,0
lumoslabs_changes_are_logged,1,0,15,4,0,1,112,6,1,0,1,0
gdbots_pbjx-bundle-php,0,0,9,1,0,1,2,14,2,0,0,0
bkg_django-spillway,1,0,23,2,0,1,1,7,8,0,0,0
l0rdn1kk0n_wicket-webjars,0,0,4,1,0,1,2,3,0,0,0,0
gouarfig_board-notices,6,6,74,8,0,1,0,23,12,1,0,0
popovvladislav_job4j,0,6,17,1,1,1,12,4,0,0,0,0
OpenCPN_OpenCPN,2,1,88,7,0,1,13,6,5,0,0,1
mariazevedo88_json-formatter-validator,0,2,13,1,0,1,11,7,1,0,0,0
ILIAS-eLearning_ILIAS,1,0,21,3,0,1,3,13,5,0,0,0
KSIUJ_ksicamp-the-game,0,0,15,1,0,1,1,6,2,0,0,0
spryker_product-label-discount-connector,3,0,38,3,0,1,3,21,6,0,1,0
IdentityPython_JWTConnect-Python-OidcMsg,0,0,34,4,0,1,13,12,7,0,0,1
Wulf_nodehun,1,19,50,2,0,1,3,4,5,0,0,0
nearform_udaru,2,0,31,3,0,1,11,12,3,0,0,0
salesagility_SuiteCRM,9,19,121,4,0,1,2,57,40,1,1,0
Umar-Eh_Getting-a-jump-on-crime,0,0,7,1,0,1,2,3,1,0,0,0
OCA_account-reconcile,7,2,43,4,0,1,13,8,5,0,1,0
jhermsmeier_node-disk,0,0,8,3,0,1,2,5,1,0,0,0
Marri_glowfic,1,0,31,1,0,1,2,12,8,1,1,0
AlexandruGhergut_find-me-a-buddy,0,0,4,1,0,1,2,3,0,0,0,0
desihub_redrock,14,123,213,6,0,1,12,9,8,0,0,0
KnpLabs_KnpGaufretteBundle,0,0,21,4,0,1,13,11,2,0,1,0
Granicus_jekyll-ramler,0,0,16,5,0,1,2,6,4,1,0,0
msdk_msdk,0,0,8,1,0,1,2,4,1,0,0,0
convio_watirmark,0,0,12,1,1,1,2,5,2,0,0,0
Spicery_ginger,0,8,44,1,0,1,4,5,17,1,0,0
wagtail_Willow,0,3,24,5,0,1,13,6,3,0,0,0
salesforce_refocus,2,12,57,1,0,1,13,13,5,1,1,0
cparse_cparse,0,1,20,1,0,1,2,4,5,0,0,0
lmsgit_lms,4,7,77,4,1,1,3,10,12,0,0,0
expressjs_express,1,18,75,15,0,1,3,20,7,0,1,0
openmrs_openmrs-core,0,0,31,7,1,1,12,13,1,1,0,0
nanbando_core,3,0,37,2,1,1,3,14,6,0,1,0
ManageIQ_manageiq-messaging,0,0,9,3,0,1,2,6,1,0,1,0
rlucioni_blog,0,2,21,1,0,1,11,5,2,0,1,1
groovenauts_capistrano-systemd-multiservice,0,0,10,5,0,1,12,3,1,0,0,0
jfirebaugh_konacha,0,0,13,4,0,1,12,4,2,0,0,0
X-dea_MultiLocker,0,45,67,1,0,1,12,5,3,0,1,0
thoughtbot_paperclip,0,0,26,7,0,1,13,6,1,0,0,0
jhoblitt_puppet-ipmi,1,0,19,7,0,1,13,6,0,0,0,0
lbox87_smite-randomizer-client,0,0,13,1,0,1,3,4,0,0,1,1
animekita_selvbetjening,0,0,7,1,0,1,2,4,2,0,0,0
request_request,0,3,22,4,0,1,22,7,0,0,0,0
moveability_moveability,0,0,38,5,1,1,4,5,0,0,1,0
neomutt_homebrew-neomutt,1,0,21,2,0,1,3,6,9,0,0,0
Shopify_cli-ui,0,0,8,3,0,1,12,3,1,0,0,0
bluemarblepayroll_differential,1,1,21,4,0,1,2,8,5,0,1,0
OLC-Bioinformatics_StrainChoosr,1,2,27,2,0,1,2,10,6,1,1,0
juliangruber_isarray,0,0,21,16,1,1,210,11,1,0,1,0
arqex_react-datetime,0,0,15,2,0,1,11,7,3,0,0,0
varwishteam_varwish-fe,0,1,21,1,0,1,26,6,2,0,0,1
KnpLabs_Gaufrette,12,0,47,4,0,1,13,26,8,0,1,0
CitrineInformatics_api-documentation,1,0,12,1,0,1,12,4,0,0,0,1
kojimain_club-groupware-app,0,0,28,1,0,1,3,19,6,0,1,1
zecure_shadowd_php,0,0,11,4,0,1,2,12,1,0,0,0
eggcaker_jekyll-org,1,2,31,1,2,1,14,9,2,1,1,0
logstash-plugins_logstash-filter-collate,0,0,2,1,0,1,3,3,0,0,0,0
quaddy-services_escape-from-intranet,0,10,32,1,0,1,2,4,5,0,0,0
qcubed_qcubed,2,10,77,26,0,1,224,27,5,0,0,0
ezsystems_ezpublish-kernel,18,22,112,12,1,1,13,21,16,1,1,0
witte_Metronome,1,0,50,2,0,1,23,4,14,0,0,0
PapenfussLab_gridss,0,0,8,1,0,1,1,5,0,0,0,0
Project-OSRM_osrm-backend,26,27,577,28,0,2,122,12,62,1,1,0
opencredit_badgeos,2,0,32,12,0,1,12,25,2,1,0,0
honix_Pyno,0,0,9,1,0,1,2,5,3,0,0,0
zhm_minipg,1,0,16,3,0,1,2,7,1,0,0,0
nortikin_sverchok,1,4,88,1,0,1,34,8,3,1,1,1
platformio_platform-intel_mcs51,1,0,26,6,1,1,2,6,3,0,0,0
zed-0xff_pedump,0,0,29,5,0,1,0,5,0,0,0,0
swagger-api_swagger-codegen,2,37,116,1,0,1,11,11,33,0,1,0
gradle_playframework,2,0,33,6,0,1,2,7,4,0,1,0
livecode_livecode,2,21,130,2,0,1,12,13,5,1,0,0
rubysec_ruby-advisory-db,1,1,13,1,1,1,12,4,0,0,1,0
eclipse_dartboard,1,1,26,1,0,1,2,8,12,0,1,0
MattKetmo_EmailChecker,0,0,20,7,0,1,2,14,3,0,0,0
neos_flow-development-collection,3,6,114,9,1,1,0,45,35,1,1,0
walley_guidepost,0,7,35,1,0,1,2,4,7,0,0,0
asherbar_InspectorDB,1,0,14,2,0,1,1,7,3,0,0,0
earwig_mwparserfromhell,1,0,23,20,0,1,2,11,3,0,0,0
omeka_Omeka,0,0,39,8,0,1,13,17,9,0,0,0
zxz054321_laravel4china,0,0,15,2,0,1,2,14,5,0,0,0
audionamix_rtff,0,3,28,1,0,1,11,2,8,0,0,0
roundcube_roundcubemail,2,9,40,4,0,1,12,13,2,0,1,0
NoChanceSD_AncientGates,0,0,16,1,0,1,12,6,2,0,1,0
liip_LiipImagineBundle,8,5,96,10,0,1,13,18,9,0,1,0
henroca_react-material-keyboard,1,0,23,1,0,1,2,9,8,0,1,0
dunwu_spring-tutorial,0,2,18,1,1,1,2,5,1,1,0,0
wttech_AEM-Rules-for-SonarQube,1,1,22,2,0,1,1,6,1,0,0,0
Echsecutor_bitcoin_trading.echse,1,0,9,2,0,1,2,5,1,0,0,0
travis-ci_travis-cookbooks,2,0,20,2,0,1,2,3,1,0,0,0
adamnoto_bali,1,0,47,8,0,1,3,9,6,0,1,0
HubSpot_Singularity,0,0,9,1,0,1,2,4,1,0,1,0
bublejs_buble,1,0,21,2,0,1,2,5,3,0,0,0
animachine_animachine,0,0,12,3,0,1,12,6,2,0,0,0
oivoodoo_devise_masquerade,0,0,13,2,0,1,12,5,1,0,0,0
google_cdep,0,3,62,1,0,1,14,5,17,0,0,1
pezmaster31_bamtools,1,2,57,4,0,1,12,5,6,0,0,0
esbanarango_ember-model-validator,2,5,49,8,0,1,13,11,6,0,1,0
hrbrmstr_iptools,1,0,16,1,2,1,12,4,0,0,0,0
OpenBuildings_jam,1,0,53,9,1,1,13,29,8,1,1,0
mikera_tyrant,0,0,4,2,0,1,2,3,0,0,0,0
serverless-heaven_serverless-webpack,1,1,29,2,0,1,0,7,4,0,0,0
dolatapatryk1_text-transformer,0,0,2,1,0,1,3,2,0,0,0,0
asaschachar_optimizely-manager-js,0,0,20,3,0,3,2,5,3,0,0,0
novus_nvd3,0,1,20,1,0,1,2,6,11,0,0,0
puppetlabs_puppetlabs-ntp,4,0,116,9,1,3,0,12,16,1,1,0
BuildCraft_BuildCraft,1,0,20,3,0,3,2,4,6,0,0,0
freyo_laravel-queue-cmq,0,0,13,4,0,1,12,14,2,0,0,0
adomant_blog_finally,0,0,14,1,0,1,112,6,1,0,0,0
samarthbsb_SpringWebsocket,0,0,4,1,0,1,2,2,0,0,0,0
wso2_carbon-identity-framework,0,0,9,1,0,1,2,4,1,0,1,0
20c_munge,0,0,22,4,0,1,3,11,4,1,0,0
JCMais_node-libcurl,6,8,91,20,0,1,2,16,9,1,1,0
tfussell_xlnt,9,14,232,8,0,1,34,10,19,0,0,1
astorm_pestle,10,52,128,1,0,1,11,60,42,0,0,0
beloop_components,1,0,28,2,0,1,13,14,5,0,1,0
Adonai_Man-Man,3,2,69,1,0,1,22,9,10,0,1,1
victorhaggqvist_libtodotxt,0,0,9,1,0,1,2,3,2,0,0,0
the-events-calendar_the-events-calendar,0,47,149,1,0,1,12,34,49,0,1,0
bloomreach-forge_iframe-perspective,0,0,7,1,0,1,2,3,0,0,1,0
travis-ci_travis-build,3,0,76,4,0,3,12,15,11,0,1,1
shaggy8871_frame,0,0,10,2,0,1,2,14,3,0,0,0
nushio3_cmaes,0,0,4,1,0,1,2,0,1,0,0,0
dankogai_js-hexfloat,0,0,4,1,0,1,2,2,0,0,0,0
fougue_fougtools,0,0,25,1,0,1,1,3,13,0,0,0
mmckinst_puppet-hash2stuff,3,8,43,7,0,1,104,8,2,0,0,1
jruby_jruby,5,6,336,36,1,2,112,14,39,0,1,0
thoughtbot_clearance,0,0,29,15,0,1,13,8,1,1,1,0
cartalyst_sentry,0,0,19,5,0,1,3,16,3,0,0,0
maslick_bruncher,0,0,63,5,0,5,12,10,9,0,1,0
netresearch_t3x-contexts_geolocation,1,3,45,1,0,1,12,21,9,0,1,0
zli117_EInk-Calendar,0,0,16,1,0,1,2,11,10,0,0,0
SixArm_sixarm_ruby_uspto,0,0,14,4,0,1,12,4,1,0,1,0
erikkjellgren_SlowQuant,0,0,40,2,0,1,1,8,14,0,0,0
research-technologies_hull_synchronizer,1,0,13,1,0,1,13,6,2,0,1,0
pinussilvestrus_bncl,0,0,6,1,0,1,2,2,0,0,0,0
trinodb_tempto,0,0,21,3,0,1,2,5,7,0,0,0
RubyMoney_money,0,0,35,15,3,1,12,5,2,0,0,0
Teevity_ice,0,0,15,1,0,1,12,4,5,0,0,0
Donaldcwl_browser-image-compression,0,0,4,1,0,1,2,3,0,0,0,0
demokratikollen_demokratikollen,4,2,54,3,0,3,22,11,13,0,1,0
facebook_facebook-android-sdk,1,5,50,1,1,1,112,7,4,0,0,1
pjc0247_rookie.lang,0,0,13,1,0,1,13,6,2,0,0,1
adopted-ember-addons_ember-impagination,2,6,58,7,0,2,11,11,7,0,1,0
jaridmargolin_wss-manager,0,0,18,2,0,1,14,6,2,0,0,1
mwibrow_sphinx-sass,0,0,21,1,0,1,12,7,2,1,0,0
kylesferrazza_jerrymercogliano,1,0,14,1,0,1,2,6,1,1,0,0
foxtacles_rj_schema,1,0,26,1,0,1,3,7,2,0,0,1
AO-StreetArt_Adrestia,0,0,37,1,1,1,2,9,16,0,0,0
bmcfee_pumpp,0,1,33,3,0,1,11,9,6,0,1,0
buguroo_pyknow,0,0,15,3,0,1,2,8,5,0,0,0
OCA_partner-contact,5,1,50,3,0,2,2,11,6,0,1,0
DIYer22_boxx,0,9,32,4,0,1,100,8,3,0,0,0
JonnyPtn_SFML-DOOM,1,1,108,12,0,1,3,4,10,0,0,0
PX4_PX4-Autopilot,0,2,36,1,0,1,3,6,5,0,0,0
optimizely_nuclear-js,1,0,17,1,0,1,2,7,1,1,0,0
GetSky_php-airac,0,0,21,2,0,1,12,18,5,0,0,0
sarahtattersall_PIPE,0,4,17,1,0,1,12,5,2,1,0,0
PabloCastellano_libcnml,0,2,20,2,0,1,2,7,2,1,1,0
DDMAL_diva.js,0,0,20,1,1,1,12,7,3,0,1,0
instedd_resourcemap,0,0,33,1,1,1,2,6,10,0,1,1
rodjek_rspec-puppet,4,5,46,12,1,1,13,7,1,0,1,0
abotalov_waiting_rspec_matchers,0,0,20,9,0,1,12,5,2,0,0,0
svl-studios_google-fonts,1,5,15,1,0,1,2,13,1,0,0,0
plone_plone.testing,1,0,46,10,0,1,113,7,3,0,1,0
imatesiu_TestHWCorrispettivi,0,0,6,1,0,1,2,3,1,0,0,0
rapid7_metasploit_data_models,0,2,23,1,0,1,11,6,5,0,1,0
KState-HEP-HTT_SMHTT_Analyzers,3,14,36,1,0,1,3,3,2,0,0,0
kadrlica_dsphsim,0,6,32,1,0,1,12,4,12,0,0,0
getgrav_grav,11,8,97,4,2,1,2,21,11,1,0,0
lesscpy_lesscpy,0,3,17,5,0,1,2,8,2,0,0,0
blueberryapps_translation-server,1,0,29,1,0,1,12,10,5,0,1,0
relative-ci_agent,0,0,11,1,0,1,2,4,4,0,1,0
fex-team_node-ral,0,0,17,4,0,1,12,9,2,0,1,0
stacktracejs_stack-generator,0,0,16,1,0,1,11,8,4,0,0,0
gushphp_ToInlineStyleEmailBundle,0,0,10,1,0,1,2,13,2,0,0,0
anthill-platform_anthill-common,0,0,22,1,0,1,12,9,3,0,0,0
imglib_imglib2,1,0,18,1,0,1,2,7,2,1,1,0
VioletGiraffe_cpp-template-utils,0,4,34,1,0,1,0,6,15,0,0,0
carsevbarus_decide-test,2,0,28,1,0,1,113,12,7,0,0,1
SpineEventEngine_jdbc-storage,0,4,23,1,0,1,2,3,5,0,0,0
informatics-isi-edu_chaise,7,0,150,1,1,1,11,16,64,1,1,0
SUSE_salt-netapi-client,1,0,35,2,0,1,23,8,8,0,0,1
mrajo_cupelix,0,0,11,8,0,1,2,9,0,0,0,0
pulp_pulp,0,0,39,1,1,1,2,9,10,0,0,0
hmcts_hwf-staffapp,0,1,33,1,0,1,12,7,14,0,1,0
scrapy_cssselect,0,0,25,5,0,1,13,8,2,0,0,1
Pylons_substanced,0,0,13,4,0,1,12,5,2,0,0,0
kquiet_auto-browser,1,1,37,2,0,1,1,7,5,1,1,0
chubbyphp_chubbyphp-deserialization,1,0,42,7,0,1,2,18,7,0,0,0
rspec_rspec-activemodel-mocks,1,11,189,75,0,1,3,6,3,1,0,0
jonathangingras_ckick,0,0,6,1,0,1,12,3,1,0,0,0
resilience4j_resilience4j,2,3,35,1,0,1,0,10,3,0,1,0
SC5_sc5-styleguide,0,0,14,2,1,1,12,7,1,0,0,0
Layto888_laylib,0,2,14,3,0,1,2,6,2,0,0,0
Comcast_zucchini,0,0,3,1,0,1,12,3,0,0,0,0
crdoconnor_xeger,0,2,16,5,0,1,2,8,2,0,0,0
conda-forge_binutils-feedstock,4,2,28,3,0,1,3,2,4,0,0,0
kontena_kontena,5,5,92,10,0,5,192,9,8,0,1,0
ccnmtl_dmt,0,0,15,1,1,1,101,9,4,0,0,0
yui_yui3,0,0,12,2,0,1,2,6,1,1,0,0
jackmoody11_stockscore,2,2,49,3,0,1,23,9,8,0,0,0
capacity4dev_capacity4more,4,16,109,6,1,1,122,37,17,0,0,0
cerner_terra-core,0,10,168,20,0,5,24,8,29,1,1,0
miracle2k_django-assets,0,0,26,12,0,1,11,13,2,1,1,0
tech256_r2d8,0,1,18,1,0,1,2,4,5,0,1,0
pdobb_pronto-bundler_audit,1,0,21,4,0,1,12,8,4,0,1,0
redcross_arcdata,1,0,22,1,0,1,12,9,5,0,1,0
fwilliams_numpyeigen,3,1,24,6,0,1,11,10,5,0,0,0
ebru_sending-messages,0,0,7,1,0,1,2,14,3,0,0,0
esac-ic_esac.nl,0,0,43,1,0,1,12,25,18,0,0,0
dschadow_JavaSecurity,0,0,3,1,0,1,12,4,0,0,0,0
Hosiang1026_Hosiang1026.github.io,0,25,85,1,1,1,32,10,8,1,1,0
kakserpom_phpdaemon,0,0,23,3,0,1,12,16,5,0,1,0
skalenetwork_libBLS,8,1,144,2,1,1,135,5,26,0,0,0
CAAPIM_webpack-config,0,0,32,1,0,1,12,10,5,1,1,0
ONSdigital_rm-common-test-framework,0,2,38,1,1,1,2,8,6,1,1,0
woocommerce_woocommerce,5,10,102,11,0,1,0,29,13,1,1,0
NeilJustice_ZenUnitAndMetalMock,3,12,76,4,1,1,11,10,1,0,1,0
coffeestats_coffeestats-django,0,0,17,1,0,1,12,9,6,0,0,0
lccgov_generator-lcc-sharepoint,1,0,20,1,0,1,2,7,10,0,0,0
karriereat_php-code-quality,0,0,15,3,0,1,2,14,3,0,0,0
bencbartlett_Overmind,0,0,5,1,0,1,2,3,0,0,0,0
JeroenDeDauw_QueryrAPI,0,0,15,1,0,1,12,15,2,0,1,0
UnionOfRAD_lithium,4,23,98,27,0,1,13,42,13,0,0,0
dev-sec_linux-baseline,0,0,10,1,0,1,12,5,1,0,1,0
enova_landable,1,1,50,15,2,1,113,12,4,0,1,0
ssistoza_pokemon-viewer,0,0,18,1,0,1,16,6,2,0,1,1
dcendents_android-maven-gradle-plugin,1,0,26,1,0,1,12,8,1,0,1,0
airbnb_epoxy,0,0,31,1,0,1,2,7,1,1,1,0
Nepherte_bing-proxy,0,6,29,3,0,2,2,7,3,0,1,0
netguru-college_vol4-dugong,0,0,18,1,0,1,3,7,4,0,0,1
jczaja_test-openmp,0,0,10,1,0,1,10,3,3,0,0,0
afs_text-table,0,1,12,1,1,1,2,4,0,0,0,0
ysc_word,0,0,7,1,0,1,2,4,1,0,0,0
woocommerce_storefront,0,0,19,1,0,1,2,4,5,0,0,0
netiam_contrib-rest,0,0,14,1,0,1,2,7,0,1,1,0
mikahama_syntaxmaker,0,2,14,1,0,1,2,6,3,0,0,0
ctlabvn_Recaptcha,4,0,42,5,0,1,3,23,7,0,0,0
audioscience_avdecc-lib,1,2,26,1,0,1,11,8,11,0,0,0
abuccts_wikt2pron,0,0,17,8,0,1,1,11,3,0,0,0
noironetworks_apic-ml2-driver,1,0,10,2,0,1,2,5,2,0,0,0
culturagovbr_salic-minc,0,0,12,1,0,1,2,6,1,1,1,0
all3dp_meshprop,1,0,22,4,0,1,2,8,3,0,0,0
tyabe_kpt-it,0,0,11,1,0,1,13,7,3,1,0,0
virtuald_pyhcl,0,3,44,7,0,3,22,7,7,0,0,0
gini_dropwizard-gelf,0,0,8,2,0,1,12,2,0,0,0,0
celery_billiard,0,0,22,12,0,1,2,11,2,0,1,0
ethereumjs_ethrpc,1,0,29,1,0,1,12,9,3,1,0,0
codecentric_spring-boot-admin,1,0,28,1,0,1,1,10,4,0,1,0
kinglozzer_silverstripe-multiselectfield,1,2,27,3,0,1,1,19,7,0,0,0
neuromorphic-paris_chameleon,0,0,47,3,0,1,13,3,6,0,0,0
spatie_ssl-certificate-chain-resolver,1,0,20,8,0,1,3,17,3,0,0,0
q-flux_SOEN341,0,0,14,1,0,1,2,15,5,0,0,0
Soapbox_GoodTalk-Webhooks,0,0,17,3,0,1,2,15,2,0,1,0
nostra13_Android-Universal-Image-Loader,0,0,10,1,0,1,12,3,0,0,0,0
private-datagram_pdg-core,20,9,75,6,1,1,12,10,25,0,1,0
cheeriojs_cheerio,1,0,10,1,0,1,3,5,1,0,0,0
python_mypy,5,23,120,11,0,1,101,9,9,0,1,0
xero-gateway_xero_gateway,0,0,9,3,0,1,2,4,2,0,0,0
xp-forge_web,0,0,24,6,0,1,2,18,5,0,0,0
cotag_http-parser,0,0,9,5,0,1,12,2,0,0,0,0
bcr_Motobuddy,0,45,66,1,0,1,12,4,2,0,1,0
ulfurinn_wongi-engine,0,0,23,8,2,1,13,3,0,0,0,0
jlib-framework_jlib-iterable,0,0,2,1,0,1,2,2,0,0,0,0
learning-unlimited_ESP-Website,2,0,22,2,0,1,2,10,4,0,1,0
apache_cloudstack,2,30,220,18,0,1,12,17,4,0,1,0
mozilla_jx-sqlite,1,0,14,2,0,1,2,5,2,0,0,0
rapid7_metasploit-framework,1,10,77,12,1,1,112,14,14,1,1,0
JeffValenti_SME,0,6,50,2,0,1,11,5,14,0,0,0
FriendsOfSymfony1_symfony1,0,2,47,10,0,1,0,21,6,0,1,0
m-jch_Date,0,0,8,5,0,1,2,12,0,0,0,0
iiif-prezi_iiif-prezi,0,2,21,5,0,1,12,10,6,0,0,0
servicecatalog_development,3,1,33,1,0,1,22,11,11,0,1,0
unifiedjs_unified-engine,0,0,9,4,0,1,1,6,0,0,0,0
Axway_ats-distrib,1,2,25,1,1,1,2,7,4,0,1,0
Magomogo_barberry-interfaces,0,0,21,4,0,1,12,16,3,1,0,0
rickfast_consul-client,0,0,9,1,0,1,2,5,2,0,0,0
rubygarage_detectify,0,0,6,1,0,1,12,3,1,0,0,0
gomexvato_mm,4,8,112,5,0,3,13,14,21,0,0,0
itdxer_neupy,0,3,46,2,0,1,2,9,17,0,1,0
1846689910_type-18-hek,0,8,33,2,1,1,2,6,6,0,1,0
vojtasvoboda_oc-twigextensions-plugin,0,0,24,3,0,1,12,22,11,0,0,0
vufind-org_vufind,2,0,28,3,0,1,12,23,8,0,1,0
caelum_vraptor4,0,0,5,1,0,1,12,4,0,0,0,0
stevenjackson_pinch_hitter,0,0,9,4,0,1,2,4,1,0,0,0
narrowspark_framework,4,0,27,1,0,1,11,11,3,0,0,0
pippo-java_pippo,0,0,7,2,0,1,2,1,0,0,0,0
netresearch_t3x-contexts_wurfl,1,3,45,1,0,1,12,21,9,0,1,0
PatrikValkovic_StandardTemplates,1,0,38,2,0,1,3,7,8,0,0,0
shunwen_fluent-plugin-rename-key,0,1,11,3,0,1,2,4,1,0,0,0
yodaos-project_node-flora,0,0,39,3,0,2,20,8,4,0,0,0
sburgess287_blog-app-mongoose-challenge-solution,0,0,13,1,0,1,3,4,0,0,0,1
electrode-io_isomorphic-loader,0,0,11,2,1,1,2,7,3,0,0,0
opengm_opengm,0,44,124,2,0,1,3,4,7,0,1,0
Leaflet_Leaflet,3,0,33,1,0,1,12,7,1,0,0,0
TerriaJS_terriajs,2,0,38,2,0,1,43,2,7,0,0,0
miso-lims_miso-lims,3,0,57,6,1,1,12,12,9,0,1,0
etalab_rna_as_api,0,0,16,1,0,1,2,7,6,0,1,0
jansenfelipe_cpf-gratis,0,0,15,4,0,1,2,15,4,0,0,0
BookingSync_bookingsync_portal,0,0,17,6,0,1,13,6,3,0,0,0
mindplay-dk_unbox,0,0,24,7,0,1,0,11,2,0,0,0
statsmodels_statsmodels,24,28,164,7,1,1,0,17,23,0,1,0
lucajackal85_ImageMerge,0,0,26,7,0,2,2,16,3,1,0,0
roundpartner_configuration,0,0,22,5,0,1,12,16,4,0,0,0
tacoss_logro,0,0,16,5,0,1,2,10,2,0,0,0
sideway_joi,0,0,23,7,0,1,12,7,2,0,0,0
enthought_chaco,5,0,68,1,0,1,2,10,5,1,1,0
bbc_waveform-data.js,1,0,39,3,0,1,12,7,5,0,1,1
OXID-eSales_oxideshop_ce,2,18,75,2,0,1,2,41,25,0,1,0
sherman5_wiimake,0,0,62,7,0,2,74,4,2,0,0,0
NCEC20182019_Scheduler,3,0,27,1,1,1,2,10,3,1,0,0
vonpupp_dotfiles-ansible,3,24,78,33,0,1,113,7,3,0,0,0
Morrolan_surrealism,0,0,16,5,0,1,2,9,3,0,0,0
tranchis_xsd2thrift,0,0,2,1,0,1,2,2,0,0,0,0
microsoft_fastlane-plugin-appcenter,0,1,5,1,0,1,2,3,0,0,0,0
ratchetphp_Pawl,0,0,22,8,0,1,2,18,2,0,0,0
Frederikam_Lavalink,1,1,33,1,0,1,2,7,2,0,1,0
nfe_client-php,0,0,12,5,0,1,2,14,2,0,0,0
iobroker-community-adapters_ioBroker.proxmox,1,0,26,9,0,1,1,10,6,0,0,0
svenfuchs_rails-i18n,0,0,9,2,0,1,2,4,0,1,0,0
philr_bzip2-ffi,1,0,35,15,0,1,2,7,5,0,1,0
project-sunbird_sunbird-content-editor,0,0,20,1,0,1,12,7,11,0,0,0
digital-antiquity_DataARC,0,1,43,1,0,1,11,11,14,0,1,0
acc-cosc-1337-spring-2019_acc-cosc-1337-spring-2019-k1788723,0,3,28,1,0,1,21,6,8,0,0,0
puppetlabs_packaging,1,0,21,4,0,1,13,6,1,0,0,0
telemark_tfk-dsf-unwrap-contact,0,0,7,3,0,1,2,5,0,0,0,0
stts-se_wikispeech-server,2,13,145,2,1,1,0,70,65,0,1,0
TGLS_4806project,0,0,9,1,0,1,14,4,0,0,0,1
pagekit_pagekit,0,0,22,2,0,1,13,17,3,0,0,0
CityOfPhiladelphia_phila.gov,0,0,15,1,0,1,3,1,0,0,0,1
node-3d_image-raub,2,0,59,4,0,1,35,6,3,0,0,1
puppetlabs_puppetlabs_spec_helper,2,1,34,11,0,1,1,7,2,0,1,0
leanote_leanote,0,9,36,1,0,1,2,4,16,0,0,0
PrestaShop_PrestaShop,3,5,151,13,0,2,0,33,19,0,1,0
Calvin-L_backup,1,6,29,4,0,1,2,7,9,0,0,0
mercadolibre_chico,0,0,12,2,1,1,12,7,2,0,0,0
sammyfung_hk0weather,0,0,11,1,0,1,0,7,4,0,0,0
emre_kaptan,0,1,20,5,0,1,12,8,6,0,0,0
ivantsepp_codeclimate-scss-lint,0,0,4,1,0,1,2,3,0,0,0,0
Terabee_teraranger_array,2,6,32,2,1,1,13,6,2,0,0,0
EXIficient_exificient,2,5,18,2,0,1,2,3,0,0,0,0
lbriais_easy_app_helper,0,0,5,1,0,1,2,4,1,0,0,0
ndarray_ndarray,0,5,55,3,0,1,13,16,21,0,0,1
yodaos-project_edge-monitor,0,1,68,4,0,2,31,9,16,1,1,0
filestack_filestack-ruby,0,0,15,4,0,1,2,5,2,0,0,0
symphonycms_symphonycms,0,19,78,7,0,1,23,29,15,0,1,0
SonarSource_sonarqube,1,0,40,2,2,1,22,13,6,1,1,0
konnectors_cozy-konnector-orange,2,2,42,1,0,1,24,10,6,1,1,1
zzak_mruby-uri,0,0,11,2,0,1,2,4,3,0,0,0
clupprich_pronto-yard,0,0,6,1,0,1,12,3,1,0,0,0
networknt_light-rest-4j,0,0,10,1,0,1,2,5,0,1,1,0
sizuhiko_cakephp-fabricate-adaptor,5,0,52,10,0,1,14,30,12,0,0,0
datacite_orcid_client,0,0,18,1,1,1,2,7,2,0,0,1
PythonicNinja_pydrill,1,0,33,8,0,1,12,9,5,0,0,0
Sanji-IO_sanji,1,1,22,3,1,1,113,6,4,0,0,0
hhatto_pgmagick,1,1,55,4,0,1,3,6,12,0,0,0
Phyrone_LibLoader,0,0,3,1,0,1,11,3,0,0,0,0
Azure_azure-storage-ruby,0,0,24,4,0,1,12,4,4,0,0,0
ncastilho_penfold-api,0,0,5,1,0,1,2,3,0,0,1,0
Jvanrhijn_CXXfoil,0,4,48,1,0,1,31,6,5,0,0,0
malexer_pytest-spark,2,0,26,2,0,1,2,8,8,0,0,0
opengrav_gmeterpy,0,0,24,3,0,1,2,9,3,0,0,1
opf_openproject,2,38,158,14,0,2,11,10,22,1,1,0
LuomingXu_OAuth,0,1,10,1,0,1,2,6,2,0,1,0
ZeitOnline_pyramid_dogpile_cache2,0,0,9,1,0,1,2,5,3,0,0,0
roadmanfong_react-skycons,0,0,8,1,0,1,2,5,2,0,0,0
LEMS_jLEMS,0,0,31,4,0,1,11,9,15,0,0,0
gucong3000_postcss-unprefix,0,0,10,2,0,1,11,6,0,0,0,0
edx_edx-ora2,1,0,45,6,0,1,13,10,4,0,1,1
sferik_twitter,1,0,26,6,0,1,13,6,0,0,1,0
shekyan_slowhttptest,1,0,41,3,0,1,3,5,6,1,0,0
ericrochow_continuous-integration-travis,1,3,19,2,0,2,2,8,2,0,1,0
spryker_quote,3,0,38,3,0,1,3,21,6,0,1,0
art-of-dom_hash-it,0,1,19,5,1,1,2,10,4,0,0,0
cdapio_coopr,3,17,53,1,0,1,11,10,5,1,1,0
microsoft_pai,1,0,119,13,0,1,23,3,34,0,0,0
arvindr21_diskDB,0,0,6,1,0,1,2,4,1,0,0,0
vmangos_core,3,5,66,3,0,1,23,6,21,0,0,0
jeremypoulter_MicroTasks,1,20,41,3,0,1,12,5,4,0,1,0
andrewbonney_mdns-debugger,0,0,8,1,0,1,2,5,2,0,0,0
blangel_ply,2,0,19,3,0,1,2,7,8,0,0,0
walkingice_MomoDict,2,2,20,1,0,1,2,5,5,0,0,0
collabook_interface,3,5,42,1,0,1,12,9,8,1,1,0
ekylibre_ekylibre,2,1,29,4,1,1,13,11,3,0,1,0
forrest79_DeployPhp,0,2,17,2,0,1,2,15,4,0,0,0
recurly_recurly-client-python,0,0,14,4,0,1,13,5,2,0,0,0
DarthGandalf_test,0,0,18,1,0,1,11,3,12,0,0,0
treydock_puppet-infiniband,8,0,90,8,1,4,144,12,6,1,1,1
DDMAL_libmei,3,9,40,2,1,1,3,6,10,0,0,0
TeknooSoftware_sellsy-client,1,0,27,4,0,1,13,19,4,0,0,0
oskariorg_oskari-server,0,2,35,3,2,1,112,10,3,0,1,0
chuqianyiding_blankmath,1,1,17,1,0,1,2,8,2,1,1,0
rmbreak_pam_ldapdb,0,0,16,1,0,1,11,4,1,0,0,0
ruby-ldap_ruby-net-ldap,1,2,59,12,0,1,3,11,4,0,0,0
WikiEducationFoundation_WikiEduDashboard,2,3,52,2,0,1,12,12,22,0,1,0
MC-U-Team_Useful-Backpacks,0,0,22,1,0,1,2,7,8,0,1,0
emiellohr_paynl-rb,0,0,4,1,0,1,2,4,1,0,0,0
Commit451_NativeStackBlur,0,0,15,1,0,1,2,4,1,0,0,0
tdunning_t-digest,0,0,12,2,0,1,12,4,1,0,1,0
spryker_company-unit-address,3,0,38,3,0,1,3,21,6,0,1,0
saltstack_salt-contrib,0,0,25,1,0,1,12,6,11,0,0,0
enigma-dev_enigma-dev,13,6,73,7,1,1,0,12,10,1,0,0
pouchdb_pouchdb,15,15,105,32,0,1,13,11,2,1,1,0
rjrodger_use-plugin,0,0,15,4,0,1,12,7,0,0,0,0
bakercp_ofxTaskQueue,2,10,50,2,0,1,24,6,4,0,0,0
Yoast_YoastSEO.js,0,2,43,2,1,1,24,13,8,0,1,1
fatfreecrm_fat_free_crm,3,5,80,19,1,1,114,11,7,0,1,0
the-events-calendar_tribe-common,9,20,134,1,0,1,11,63,46,0,1,0
mmateja_dirclean,0,0,7,4,0,1,2,3,0,0,0,0
zz85_space-radar,0,0,43,1,0,1,13,10,4,0,0,1
ChargePoint_pydnp3,2,0,39,2,0,1,23,5,7,0,0,0
Japle_python-pagseguro,0,0,16,4,0,1,2,7,4,0,0,0
sebastiangoetz_slr-toolkit,0,0,24,1,0,1,12,6,1,0,1,1
apache_hive,2,24,41,1,0,1,1,6,2,0,0,0
FromDoppler_relay-webapp,0,6,29,1,0,1,11,8,10,0,1,0
sharmalab_Datascope,0,0,7,1,0,1,2,5,2,0,0,0
Opetushallitus_omatsivut,2,5,58,1,0,1,12,0,16,0,1,1
eggjs_egg-logger,0,0,15,3,0,1,12,9,3,0,0,0
hrydgard_ppsspp,5,11,119,12,1,1,0,8,3,0,1,0
substancelab_rconomic,1,2,30,6,1,1,103,8,3,0,0,0
linaGirl_ee-types,0,0,6,1,0,1,12,4,0,0,0,0
EMBL-EBI-SUBS_file-processing-listener,0,0,15,1,0,1,2,5,3,0,1,0
MonicBuilder_monic-loader,0,0,6,3,0,1,2,4,0,0,0,0
thyrlian_JunitReportGenerator,1,0,7,2,0,1,2,4,0,0,0,0
pro-mushen_uploader-images,0,0,39,1,0,1,20,11,8,1,1,0
socketio_socket.io-redis,0,0,11,3,1,1,12,7,0,0,0,0
kimmobrunfeldt_nap,0,13,33,5,0,1,2,10,5,0,0,1
tobie_specref,0,0,5,1,0,1,12,4,0,0,0,0
soef_ioBroker.find-my-iphone,1,0,20,6,0,1,1,8,2,0,0,0
icatproject_authn.simple,0,0,13,2,0,1,1,3,1,0,1,0
sufleR_sql_query,1,0,29,5,0,1,2,10,6,0,1,0
webdriverio_cucumber-boilerplate,1,0,38,1,0,1,11,11,1,1,1,0
CakeDC_users,6,0,60,12,0,1,13,29,8,0,1,0
PickNikRobotics_rosparam_shortcuts,5,8,34,2,1,1,12,8,10,0,0,0
juliuste_zhv-de,1,0,8,1,0,1,13,5,0,0,0,0
f-list_fserv,0,3,30,1,0,1,12,6,13,0,0,0
AJEETX_LongTask,0,0,3,1,0,1,2,0,0,0,0,0
gopaycommunity_gopay-php-api,0,1,16,2,0,1,11,16,2,0,1,0
draios_sysdig,2,17,77,9,0,1,13,7,4,0,0,0
phoboxhq_phobox,0,0,10,1,0,1,2,6,2,0,1,0
thoughtbot_factory_bot_rails,1,0,34,22,0,1,3,10,2,1,1,0
OCA_stock-logistics-warehouse,5,1,50,3,0,2,2,11,6,0,1,0
danvk_dygraphs,0,1,13,1,0,1,12,5,1,0,0,0
ogerardin_project-guarana,0,0,7,1,0,1,1,4,0,0,0,0
open-amdocs_zusammen,0,2,35,1,1,1,12,8,4,1,0,0
Cosylab_nds3,2,0,24,1,0,1,1,6,2,0,0,0
jruby_activerecord-jdbc-adapter,7,11,129,28,0,1,12,10,17,0,0,0
liip_LiipFunctionalTestBundle,3,1,46,7,0,1,12,24,5,0,1,0
logstash-plugins_logstash-output-lumberjack,0,0,2,1,0,1,3,3,0,0,0,0
pda_flexihash,2,0,35,5,0,1,3,15,3,0,0,0
Anrop_AAR-Rails,1,0,24,1,0,1,12,8,2,0,1,0
sabbir-rupom_akaash-rest-api,0,0,26,1,0,1,3,16,8,0,0,0
pmviva_follow_system,0,0,29,20,0,1,12,8,3,1,0,0
Seagate_openSeaChest_LogParser,1,1,42,4,0,1,23,2,5,1,0,0
am2222_pydggrid,3,13,62,1,0,1,112,7,19,0,0,0
alpha-miner_Finance-Python,0,6,46,5,0,1,11,12,19,0,0,0
tim-group_java-statsd-client,0,0,6,3,0,1,2,4,0,0,0,0
mulesoft-labs_raml-for-jax-rs,1,0,34,1,0,1,31,8,4,0,0,1
ushahidi_platform-client,1,19,57,3,2,1,13,10,4,0,1,0
learnweb_moodle-mod_collabora,4,4,90,30,0,3,1,36,18,0,1,0
fisharebest_webtrees,0,3,28,4,0,1,12,18,3,0,1,0
mumble-voip_mumble,1,0,38,4,0,1,0,5,2,0,0,0
michaeljennings_carpenter,0,0,20,6,0,1,2,16,4,0,0,0
adrien-matta_nptool,0,9,56,1,0,1,10,10,15,1,0,0
django-haystack_django-haystack,3,0,95,21,1,1,0,19,9,0,1,0
asciidoctor_kramdown-asciidoc,1,1,26,6,0,1,2,7,2,0,0,1
hikaruna_rolling,0,0,9,1,0,1,12,4,1,0,0,0
OCA_vertical-medical,7,2,45,4,0,1,13,8,4,0,1,0
facebook_folly,4,13,41,1,0,1,4,8,2,0,1,0
Segfault-Inc_Multicorn,1,1,83,29,0,1,12,27,38,0,0,0
colons_instant-coverage,1,25,95,39,0,1,2,11,6,0,0,0
nengo_nengo,5,7,143,11,2,2,3,17,10,0,1,0
IonicaBizau_tithe,0,0,4,1,0,1,2,3,0,0,0,0
michaelherold_codeclimate-haml-lint,0,0,19,1,0,1,12,8,3,1,1,0
logstash-plugins_logstash-input-heartbeat,0,0,2,1,0,1,3,3,0,0,0,0
rackspace_php-opencloud,1,0,36,4,3,1,13,22,3,1,0,0
dockstore_dockstore,1,14,86,1,1,1,0,15,27,1,1,0
Idrinth_lwv,0,0,35,3,0,1,3,5,7,0,1,0
Winfidonarleyan_kargatum-system,1,9,85,4,1,2,41,8,9,0,1,0
Vinelab_NeoEloquent,2,4,44,5,1,1,104,32,10,0,0,0
sergicastro_manage-credentials,1,0,18,1,0,1,2,8,5,0,0,0
MoombaDS_quest,0,0,21,1,0,1,2,7,4,1,0,0
Brig13Team_Operation_Kerberos,0,0,28,1,1,1,2,12,9,1,0,0
Dolibarr_dolibarr,2,69,454,3,2,1,0,46,31,0,0,0
ipa320_cob_robots,15,1,31,3,1,1,3,5,2,0,0,0
Nehon_bootmonkey,0,2,41,1,0,1,22,9,4,0,1,1
instantbox_instantbox,1,0,30,1,0,1,13,5,4,0,0,0
Giorgiosaud_wedcontest2018,0,0,21,1,0,1,3,18,6,0,1,0
grahamhar_aws-rotate,0,0,12,4,0,1,12,7,2,0,0,0
tiborv_memory-cache-ttl,0,0,15,1,0,1,113,6,0,0,0,1
Netflix_Priam,1,0,20,1,0,1,12,6,3,0,1,0
keboola_geocoding-augmentation,0,0,23,1,0,1,13,6,4,0,0,1
atria-soft_ege,6,7,96,6,1,1,12,10,25,1,0,0
spatie_typed,1,0,22,6,0,1,3,18,3,0,0,0
prodis_correios-cep,0,0,37,15,0,1,13,5,1,0,1,0
jcarreira_cirrus,1,2,73,1,1,1,111,9,26,0,0,0
headius_invokebinder,0,0,10,2,0,1,3,3,0,0,0,0
ventoviro_windwalker-test,0,0,19,3,0,1,11,17,3,0,0,0
thomasmoelhave_tpie,4,2,295,36,0,1,363,6,8,0,0,0
fmd_lazyconf,0,0,11,1,0,1,2,5,3,0,0,0
KonstantinKuklin_HandlerSocketLibrary,1,0,22,5,0,1,2,15,4,0,0,0
allenwq_devise-multi_email,0,0,17,8,0,1,2,5,0,0,0,0
tymondesigns_lkr,0,0,11,4,0,1,12,7,2,0,0,0
tronprotocol_java-tron,0,0,46,2,0,1,122,8,4,0,1,0
alan-turing-institute_CleverCSV,9,14,82,3,0,1,23,7,6,0,0,1
Tanaguru_Contrast-Finder,0,0,4,1,0,1,2,3,0,0,0,0
teralytics_ansible-hdfs,0,0,18,1,0,1,22,8,6,0,0,0
bbangert_retools,0,0,10,2,0,1,2,5,4,0,0,0
uw-loci_visbio-imagej,1,0,18,1,0,1,2,7,2,1,1,0
ts-3156_twitter-with-auto-pagination,0,0,6,2,0,1,2,4,0,0,0,0
code4lib_ruby-oai,0,0,19,5,0,1,3,4,1,0,0,0
puppetlabs_puppetlabs-firewall,4,0,140,11,1,3,0,11,17,1,1,0
Syncplay_syncplay,1,1,56,4,0,1,14,6,7,0,0,1
KWZwickau_SPHERE-Framework,0,8,35,3,0,1,1,19,5,0,0,0
avz_node-posix-clock,1,0,18,4,0,1,2,8,0,0,0,0
reikdas_Small-Scripts,0,0,17,3,0,1,2,6,2,0,0,0
general03_flask-autoindex,6,3,73,3,0,1,1,9,14,0,0,0
krobertson_deb-s3,0,0,9,4,0,1,2,4,1,0,0,0
AzureAD_azure-activedirectory-library-for-js,0,0,8,5,0,1,2,6,0,0,0,0
arangodb_arangodb-java-driver,0,0,16,1,0,1,12,7,3,0,0,0
HSR-SE2Proj_JBomberman,0,0,8,1,0,1,2,4,0,0,0,0
JolitaGrazyte_discogs-api,1,0,21,2,0,1,3,18,4,0,0,0
zikula_core,4,45,161,5,0,1,12,22,35,0,0,0
facebook_mcrouter,0,0,28,2,1,2,11,6,2,0,1,0
travis-ci_travis-web,4,1,64,4,0,2,10,10,13,0,1,0
rawler_bithorde,1,0,59,2,0,1,11,9,5,0,0,1
nzw0301_tokenizer,0,0,17,1,0,1,1,7,4,0,0,0
dreipol_vue-fetch-route,0,0,17,1,0,1,12,7,1,1,0,0
compbiocore_qckitfastq,0,2,52,2,0,2,16,3,25,0,0,0
lian_bitcoin-ruby,0,0,10,3,0,1,2,4,3,0,0,0
SUSE_machinery,0,0,9,1,0,1,1,5,2,1,0,0
jeremyevans_rodauth,1,0,26,6,0,1,3,10,4,0,0,0
gammasoft71_tunit,1,0,24,3,0,1,2,2,3,0,0,0
hasgeek_events,0,0,72,1,2,1,193,9,8,0,1,1
lstrojny_phpunit-function-mocker,0,0,19,5,0,1,13,17,2,0,0,0
spryker_api-query-builder,3,0,38,3,0,1,3,21,6,0,1,0
ResourcefulHumans_svg-template-builder,0,0,19,1,0,1,2,9,3,1,1,0
brycedrennan_eulerian-magnification,0,0,11,2,0,1,13,5,3,0,0,0
snebes_php-daisydiff,4,4,48,7,0,1,13,17,6,0,1,0
egotter_egotter,0,0,20,1,0,1,0,8,5,0,1,0
Netflix_security_monkey,6,12,101,3,0,1,27,4,38,0,1,0
Crizz0_phpbb3-about-us,6,3,62,10,0,1,2,20,11,1,0,0
spryker_cms-block-product-storage,3,0,38,3,0,1,3,21,6,0,1,0
jegelstaff_formulize,2,26,95,1,0,1,11,23,34,0,1,0
imagej_imagej-mesh,1,0,13,1,0,1,2,6,2,1,0,0
cdapio_cdap_cookbook,3,16,55,5,0,1,14,8,8,0,0,0
trjahnke_djangoPolls,0,0,14,1,0,1,2,6,3,0,0,0
Anrop_Anrop-API,5,0,25,1,0,1,11,7,2,0,1,0
broadinstitute_picard,1,0,35,6,0,1,2,11,5,0,1,0
blackwinter_bismas,0,0,28,7,0,1,3,6,3,0,0,0
airbnb_native-navigation,0,0,7,1,0,1,2,4,1,0,0,0
redpony_cdec,0,0,24,1,0,1,2,8,14,0,0,0
percy_react-percy,5,0,39,6,0,1,13,7,6,0,1,0
willnet_gimei,0,0,14,8,0,1,2,4,1,0,0,0
feldoh_JZookeeperEdit,1,0,30,2,0,1,1,9,4,0,0,0
DGtal-team_DGtal,0,8,99,5,0,3,11,8,5,0,1,0
numenta_htm.java,0,0,8,1,0,1,2,4,0,0,0,0
broccoli-html-editor_broccoli-html-editor,0,0,32,8,1,1,1,18,3,0,0,0
suitmedia_frontend-lighthouse-audit,1,0,31,2,0,1,12,18,7,0,0,0
DDMAL_Rodan,0,2,63,1,1,1,14,14,34,0,1,0
lsst_obs_sdss,0,0,9,1,0,1,13,3,2,0,0,0
Cutehacks_duperagent,1,0,18,1,0,1,2,3,9,0,0,0
jaywcjlove_hotkeys,0,0,13,1,0,1,2,7,2,0,1,0
dwenzel_t3events,5,0,61,2,0,1,23,18,5,0,1,0
pods-framework_pods,3,3,57,6,0,1,13,32,6,0,1,0
j-schumann_translation-module,3,0,36,2,0,1,13,15,7,0,1,0
djavan-bertrand_JCVD,2,1,44,1,0,1,3,8,10,0,0,0
amanzanero_shpe-tutor-scheduler,0,0,12,1,0,1,2,5,0,0,1,0
symfony-cmf_cmf-sandbox,6,0,51,4,2,1,14,28,13,0,1,0
szechyjs_mbelib,0,0,14,1,0,1,2,3,5,0,0,0
Netflix-Skunkworks_Scumblr,0,0,16,1,0,1,3,7,6,0,0,0
south37_yard2steep,0,0,9,1,0,1,12,4,2,0,0,0
Vizzuality_trase,4,2,61,2,0,1,48,4,9,0,0,0
AspenWeb_pando.py,0,0,26,5,1,1,11,7,2,1,0,0
OCA_sale-workflow,5,1,50,3,0,2,2,11,6,0,1,0
Freeseer_freeseer,0,4,42,1,1,1,2,8,16,0,0,0
mincong-h_jaxrs-2.x-demo,0,0,21,1,0,1,1,6,13,0,0,0
remarkjs_remark-html,0,0,16,2,0,1,13,5,0,0,0,1
egulias_EmailValidator,2,1,68,13,0,1,3,13,5,0,0,0
mantisbt_mantisbt,2,15,80,13,2,1,0,24,4,0,0,0
saalfeldlab_render,0,0,6,1,0,1,12,4,0,0,1,0
jcryptool_crypto,0,0,13,1,0,1,2,7,4,1,0,0
woboq_woboq_codebrowser,0,0,9,1,0,1,11,3,2,0,0,0
stellar_stellar-client,0,0,18,1,1,1,2,7,8,0,0,0
mcallegari_qlcplus,2,6,100,3,0,1,113,7,10,0,1,0
ctreatma_beer_bot,0,0,2,1,0,1,2,2,0,0,0,0
sproutcore_sproutcore,0,5,21,1,1,1,13,7,3,0,0,0
jasmine_jasmine_junitxml_formatter,0,0,8,1,0,1,12,3,1,0,0,0
jcabi_jcabi-maven-plugin,2,0,24,1,0,1,12,9,9,0,1,0
marek629_SIR,0,4,36,1,0,1,11,5,10,0,0,0
dyonir_vue2-persian-datepicker,0,0,9,4,0,1,2,7,0,0,0,0
morphoorg_morpho,0,26,38,1,1,1,2,5,3,0,0,0
CachetHQ_Cachet,0,6,39,3,0,1,11,13,4,1,0,0
parse-community_parse-php-sdk,0,0,37,3,0,1,13,22,8,0,1,1
pixelnest_presskit.html,0,0,9,1,1,1,2,4,0,0,0,0
jvcleave_ofxOMXCamera,0,143,200,0,0,0,24,6,0,0,0,0
psf_black,1,0,32,5,0,1,3,8,3,0,1,0
StackStorm_st2,8,59,148,5,1,1,0,14,26,1,1,0
knex_knex,2,1,39,2,0,1,13,9,11,0,1,0
IgniteUI_igniteui-angular,0,22,53,1,0,1,11,9,15,0,0,0
influunt_influunt,0,6,44,1,1,1,111,14,14,0,1,0
MarcoBuster_OrarioTreniBot,0,3,18,2,0,1,2,6,3,0,0,0
joni2back_angular-filemanager,0,0,18,1,0,1,12,6,4,0,1,0
wxWidgets_wxWidgets,16,7,128,20,1,1,0,5,2,1,0,0
OCA_server-tools,6,1,51,3,0,2,2,11,6,0,1,0
andrascii_cpprobotparser,0,0,8,1,0,1,1,3,0,0,0,0
seandepagnier_plots_pi,0,6,48,1,0,1,13,7,9,0,0,1
pablo-sg-pacheco_file-renaming-on-upload,0,5,22,1,0,1,2,14,1,1,0,1
ktuukkan_marine-api,0,0,11,3,0,1,11,6,2,0,0,0
apache_commons-csv,0,14,30,4,0,1,3,4,1,0,0,0
DigitalWPI_digitalwpi,7,0,35,1,0,1,12,9,5,0,1,0
Nepherte_commons-cli,0,5,25,3,0,2,2,5,2,0,1,0
montagejs_montage,3,0,42,5,1,3,4,10,3,0,0,0
beloop_CoreBundle,0,0,23,2,0,1,13,13,4,0,1,0
indibeast_currency-format,0,0,17,3,0,1,2,16,4,0,0,0
socketry_async-dns,1,0,29,8,0,1,2,6,1,0,1,0
OCHA-DAP_hdx-ckan,1,0,40,1,0,1,13,6,27,0,0,0
TUM-Dev_Campus-Android,2,0,41,1,0,1,12,11,7,0,1,0
PowerDNS_pdns,1,1,40,8,1,1,11,8,10,0,1,0
rapid7_metasploit-credential,0,1,21,1,0,1,12,7,5,0,1,0
remi_her,0,0,46,19,0,1,13,6,3,0,0,0
django-oscar_django-oscar-docdata,2,0,28,8,0,1,2,7,5,0,0,0
myhdl_myhdl,1,0,38,15,0,1,2,12,3,0,0,0
seqan_seqan,0,25,87,5,0,1,13,6,15,0,1,0
dimagi_commcare-cloud,3,3,32,2,0,1,2,8,5,0,0,0
jruby_warbler,3,0,44,8,1,1,4,10,7,1,0,0
gin0606_tukune,0,0,20,1,0,1,12,7,4,0,1,0
morishitter_picostyle,0,0,11,2,0,1,12,5,4,0,0,0
hasgeek_baseframe,0,2,23,3,2,1,102,10,4,0,0,0
beautifuldonkey_SurvivorsGuide,6,16,58,1,0,1,12,10,9,0,1,0
gkjohnson_urdf-loaders,0,0,10,1,0,1,2,4,4,0,0,0
openprocurement_openprocurement.tender.openuadefense,2,0,31,2,0,1,13,11,7,0,1,0
SidRoberts_phalcon-events,2,0,31,4,1,1,0,21,6,0,0,0
ecaepp_ansible_role_nginx,3,0,30,1,0,1,103,7,2,0,0,0
TUM-I5_ASAGI,1,0,55,2,0,1,11,7,17,1,0,0
inpsyde_MetaboxOrchestra,0,0,21,3,0,1,13,17,3,0,0,0
MilesChou_slim-test,0,0,33,5,0,1,1,19,2,1,1,0
darryldecode_laravel-starter-kit,0,0,13,1,0,1,2,15,5,0,0,0
tarmstrong_git2json,0,3,21,3,0,1,2,7,6,0,0,0
sirixdb_brackit,0,0,12,1,0,1,12,4,0,0,0,0
sigoden_htte,0,0,30,2,0,1,13,11,8,0,1,0
nexylan_slack-bundle,3,0,57,7,1,1,13,26,6,1,1,0
phalcon_cphalcon,7,5,115,4,0,2,0,37,15,1,1,0
gaul_s3proxy,3,3,30,1,0,1,0,8,4,0,0,0
logstash-plugins_logstash-filter-useragent,0,0,2,1,0,1,3,3,0,0,0,0
kato_kato-ui,0,0,19,1,0,1,13,4,2,0,1,1
sonofeft_PyHatch,0,0,12,3,0,1,2,5,2,0,0,0
michaelmior_NoSE,0,2,38,2,0,1,112,8,13,0,1,0
molgenis_molgenis,2,5,34,2,1,1,0,13,5,0,1,0
jeremyevans_ruby-american_date,0,0,13,2,0,1,3,6,1,0,0,0
pomm-project_Cli,1,0,28,7,0,1,3,18,5,0,0,0
Mozu_generator-mozu-theme,1,1,32,6,1,1,12,10,8,1,1,0
mozilla_elmo,2,1,27,8,0,1,11,8,7,0,0,0
xp-forge_functions,0,1,24,6,0,1,3,16,4,0,0,0
hivesolutions_cameo_android,2,0,17,1,0,1,2,5,4,0,0,0
WGBH-MLA_pbcore,0,0,6,1,0,1,12,3,1,0,0,0
alphagov_paas-cf,6,0,104,9,0,1,12,6,22,0,0,0
anthony-quiros_openChat,0,0,8,1,0,1,2,5,2,0,0,0
MariaDB_server,4,41,241,17,1,1,0,13,13,0,1,0
bung87_moto-moe,2,0,27,3,0,1,3,12,12,0,0,0
clarete_forbiddenfruit,0,0,13,5,0,1,1,6,3,0,0,0
Soldy_interactiveConsole,0,0,4,1,0,1,2,3,0,0,0,0
linagora_hublin,2,1,24,1,0,1,3,7,1,0,0,0
mapbox_node-fontnik,7,62,179,16,0,1,23,8,21,0,0,0
oscar-stack_vagrant-hosts,3,5,35,6,0,1,13,7,4,0,0,0
gjtorikian_html-pipeline,0,0,44,10,0,1,3,9,1,0,1,0
thoward27_algorithms,0,0,13,1,0,1,1,3,1,0,0,0
icewing1996_biaffine-parser,0,2,20,1,0,1,2,5,11,0,0,0
pypa_warehouse,2,0,67,8,0,1,2,13,17,0,1,0
arhaikal_veriffymycar,1,0,16,1,0,1,1,7,4,0,0,0
muddydixon_fluent-plugin-anomalydetect,0,0,10,6,0,1,3,5,1,0,0,0
devnexen_rbcLib,0,1,11,1,0,1,3,5,3,0,0,0
cylon-v_dandy,0,0,6,1,0,1,12,3,1,0,0,0
ThomasWeinert_carica-io,0,0,30,4,1,1,3,17,5,0,0,0
square_dagger,1,1,38,1,0,1,12,11,2,1,1,0
Pylons_paginate,2,0,26,6,0,1,13,4,2,0,0,0
jkraemer_redmine_pushover,1,0,32,6,0,1,2,9,10,1,0,0
Yubico_php-yubico,1,0,15,4,0,1,11,17,0,0,0,0
gocodebox_lifterlms,0,0,4,1,0,1,3,3,0,0,0,0
vektor-inc_biz-vektor,0,0,34,2,0,1,2,21,8,1,1,0
otavanopisto_muikku,13,32,114,20,1,1,13,14,8,1,1,0
yinian1992_flask-docs-cn,0,5,13,1,0,1,2,5,2,0,0,0
uolcz_pina,1,0,8,1,0,1,12,6,1,0,0,0
everypolitician_everypolitician-data,1,0,20,1,1,1,2,9,3,0,1,0
lml_quadbase,1,8,20,1,0,1,2,6,3,0,0,0
jimmoores_quandl4j,0,0,10,1,0,1,3,3,2,0,0,0
airbnb_javascript,6,0,109,79,0,1,14,10,6,0,0,0
yeutech-lab_wallpapers-yeutech,0,5,52,2,0,2,53,7,8,1,1,0
cozy_cozy-drive,3,16,121,5,0,2,44,7,28,1,0,0
fkhadra_react-on-screen,0,0,6,1,0,1,2,4,1,0,0,0
kmels_SigPyParser,1,0,22,3,0,1,22,9,4,0,0,0
Switajski_FlexibleOrders,0,0,7,1,0,1,2,5,1,0,0,0
TeamWizardry_TMT-Refraction,0,0,9,1,0,1,2,5,1,0,1,0
ModeShape_modeshape,1,17,43,1,0,1,2,10,3,0,1,0
CruGlobal_kirby,0,0,11,1,0,1,2,5,1,0,0,1
hecom-rn_IncUpdate,0,0,22,2,0,2,2,5,0,0,0,0
briefmnews_django-esidoc,0,0,15,1,0,1,2,6,3,0,0,0
kmpm_nodemcu-uploader,0,2,12,2,0,1,2,5,2,0,0,0
enobufs_dtimer,0,0,11,2,0,1,3,6,1,0,0,0
plone_plone.versioncheck,1,0,42,6,0,1,13,7,4,0,1,0
ColdTrick_elasticsearch,1,16,51,1,0,1,13,19,3,0,0,1
adgproject_adg,3,6,115,20,0,1,3,7,8,0,1,0
hawkular_hawkular-alerts,1,12,79,1,1,1,11,20,10,0,1,0
chemfiles_cfiles,1,0,73,4,0,1,2,4,11,0,0,0
cryptocoinjs_eckey,4,0,33,5,0,1,0,9,1,0,0,0
vinsol-spree-contrib_spree_bank_transfer,0,0,7,1,0,1,2,4,2,0,0,0
intermine_intermine,6,0,28,4,0,1,0,9,3,0,0,0
cocos2d_cocos2d-js,3,0,19,2,0,1,3,4,3,1,0,0
puppetlabs_pdksync,2,0,29,4,0,1,0,8,2,1,1,0
joshka_junit-json-params,1,0,30,1,0,1,13,8,3,0,1,1
ihaohong_algs,0,0,13,1,0,1,2,5,1,0,1,0
mozilla_mozillians-tests,0,0,8,1,0,1,2,5,3,0,0,0
vend_mysql-uuid,0,0,15,2,0,1,2,14,2,0,0,0
hashicorp_nomad-java-sdk,0,1,27,1,0,1,11,6,1,0,1,0
OpenNebula_one,0,15,29,1,0,1,1,2,8,0,0,0
criesbeck_thinking-with-hooks,0,0,7,1,0,1,2,3,0,0,0,0
privrja_bbdgnc,0,2,18,1,0,1,2,15,4,0,0,0
AcademySoftwareFoundation_OpenShadingLanguage,9,13,184,8,1,1,102,9,22,1,1,0
ofbeaton_command-running,0,0,31,5,0,1,13,18,5,0,0,0
vcalderon2009_Red_Sequence_Evolution,0,0,1,1,0,1,3,2,0,0,0,0
hzxie_voj,1,6,52,4,0,1,2,9,15,0,0,0
NullHypothesis_bridgedb,1,8,55,1,2,1,2,11,8,0,0,0
nadirhamid_oneline,0,0,5,1,0,1,3,3,3,0,0,0
randombit_botan,1,1,55,4,0,1,0,9,2,1,1,0
proseline_paid.proseline.com,0,0,10,1,0,1,12,4,4,0,0,0
AteneoMolinaDeSegura_jekyll,2,3,28,1,0,1,18,9,7,0,1,1
leapmotion_autowiring,4,5,62,2,0,1,13,7,17,0,0,0
kriskowal_q,0,0,6,1,0,1,2,4,1,0,0,0
marvin255_serviform,0,0,18,6,0,1,12,18,6,0,0,0
forgemo_bittrex-java-client,0,0,3,1,0,1,2,3,0,0,0,0
publiclab_plots2,4,1,82,4,0,1,13,13,24,1,1,0
js-cli_js-liftoff,0,0,20,14,0,1,2,11,1,0,0,0
wojdyr_xylib,0,0,15,2,0,1,2,4,2,1,0,0
jsalonen_yle-api,0,0,11,2,0,1,2,5,4,0,0,0
commercetools_commercetools-sunrise-java,0,4,30,1,1,1,11,0,3,0,1,0
Codeception_Codeception,3,4,48,7,0,1,3,23,9,1,1,0
edx_ecommerce-worker,1,0,45,2,0,1,24,9,3,1,0,1
openstreetmap_openstreetmap-website,0,0,39,1,0,1,1,8,19,0,1,0
Idrinth_php-yaml-facade,0,11,45,7,0,1,2,21,11,0,0,0
Justin-ad-Park_spring-webservice,0,30,74,1,1,1,23,8,1,1,1,1
tip-grupo-2_biblo,0,0,25,1,0,1,3,8,4,0,0,1
pat_combustion,1,0,24,15,0,1,2,9,4,0,0,0
flubshi_pvr.waipu,2,7,55,5,0,1,43,5,13,0,0,0
Theano_Theano,5,21,140,23,0,2,12,26,29,0,1,0
ruby_ruby,16,41,292,4,3,1,1,9,41,1,1,0
rom-rb_rom-csv,1,0,24,7,1,1,4,8,1,0,0,0
PrincetonUniversity_IMDb,0,0,24,1,0,1,10,6,2,1,0,0
jenkinsci_github-plugin,0,0,11,1,0,1,2,6,2,0,1,0
cs3243-project-group-18_poker-ai,0,5,29,1,0,1,3,6,11,0,0,0
tastypackets_x12-parser,0,0,3,1,0,1,2,3,0,0,1,0
fluent_fluent-logger-python,0,1,36,9,0,1,14,12,3,0,0,1
Kosmas_leaguer,1,1,18,1,1,1,3,7,1,1,0,0
basho_riak-python-client,13,0,40,12,1,1,12,10,5,0,0,0
JMRI_JMRI,7,10,82,3,0,1,0,14,11,0,1,0
bostko_doc2text,0,0,7,1,1,1,2,4,0,0,0,0
serge-sans-paille_pythran,7,0,59,25,0,1,13,7,7,0,0,0
Martin-Dames_Tingeltangel,0,0,6,2,0,1,1,4,0,0,0,0
arescentral_antares,5,4,52,1,0,1,15,3,10,0,0,0
gizatt_pydrake_kuka,3,0,25,1,0,1,12,5,2,0,0,0
odota_web,0,1,29,1,3,1,11,11,9,1,0,0
andersondanilo_CnabPHP,0,3,32,4,1,1,202,17,2,0,0,0
Zarad1993_dyc,0,1,12,2,0,1,2,5,4,0,0,0
Warzone2100_warzone2100,1,35,85,2,1,1,4,5,11,1,0,0
novius-os_core,1,0,21,1,0,1,12,18,3,0,1,0
pine_illya,0,0,6,1,0,1,2,5,2,0,0,0
projectcypress_cypress,2,0,55,4,2,1,12,8,16,1,1,0
pyprism_Hiren-Vault,1,0,29,1,0,1,3,13,6,0,1,0
massiveart_MassiveSearchBundle,6,1,57,3,0,1,12,19,15,0,1,0
whitesmith_rubycritic,1,1,31,7,0,1,1,7,8,0,1,0
analogwp_analogwp-templates,2,0,38,17,0,1,12,24,2,1,0,0
albertodemichelis_squirrel,0,3,18,2,0,1,12,4,1,0,0,0
Netflix_servo,2,0,21,3,0,1,3,7,2,0,1,0
martinfehrs_whirl,0,0,47,3,0,1,4,4,6,0,0,0
collective_icalendar,0,0,16,8,0,1,2,10,2,0,1,0
notmarkmiranda_memento_mori,1,0,29,1,0,1,3,10,11,0,1,0
codez_dry_crud,2,2,16,2,0,1,2,6,0,0,1,0
hazimehh_L0Learn,0,0,13,1,0,1,11,8,0,0,1,0
ambimax_magento-module-ambimax-lazycatalogimages,4,1,43,4,1,1,114,24,2,0,0,0
healeycodes_EmojiStreamer,0,0,11,1,0,1,2,6,3,0,0,0
imglib_imglib2-introductory-workshop,1,0,18,1,0,1,2,7,2,1,1,0
conda-forge_nodejs-feedstock,4,2,20,1,0,1,3,2,4,0,0,0
naver_android-imagecropview,0,0,25,1,1,1,12,7,1,0,0,0
analogdevicesinc_libsmu,4,8,154,7,0,1,56,12,35,1,1,1
ethereum_ethereumj,3,7,53,1,3,1,11,10,2,0,1,0
Anaconda-Platform_anaconda-client,4,6,100,6,0,1,113,10,13,1,1,0
silvershop_silvershop-shipping,5,0,44,3,1,1,3,22,12,0,0,0
Javernaut_WhatTheCodec,0,4,29,1,0,1,1,3,13,0,0,0
OmegaK2_PyPoE,0,1,21,1,0,1,11,9,6,0,1,0
projectdx_hancock,1,0,19,2,0,1,12,9,2,0,1,0
akvo_akvo-flow-mobile,4,1,59,1,1,1,11,9,12,0,1,0
wultra_powerauth-webflow,1,0,24,1,0,1,2,7,1,1,0,0
czim_laravel-dataobject,0,0,20,3,1,1,2,16,3,0,0,0
sportngin_hubstats,0,0,25,5,0,1,0,7,6,1,1,0
churchill-lab_emase,0,0,27,2,0,1,2,4,13,0,0,0
saveriomiroddi_spreadbase,0,0,9,5,0,1,1,3,0,0,0,0
lpaulsen93_dokuwiki-plugin-odt,1,3,30,10,0,1,12,19,11,0,0,0
ekinhbayar_BrillTagger,0,0,12,1,0,1,2,14,3,0,0,0
pyload_pyload,7,12,186,12,0,3,20,14,22,1,1,0
hspsh_whois,0,0,18,1,0,1,2,8,7,0,0,0
codenautas_multilang,0,0,11,4,0,1,3,8,1,0,0,0
praxis_praxis,0,16,29,4,0,1,12,5,1,1,1,0
qiwi_di-container,0,0,35,1,0,1,22,9,12,0,0,1
travis-ci_travis-hub,2,0,48,2,0,2,13,10,6,0,1,0
ipfs_js-ipfs,1,27,364,58,0,5,1,14,59,1,0,0
dmfs_ContentPal,0,0,16,1,0,1,1,3,1,0,0,0
iawia002_Diana,0,3,41,1,0,1,112,12,6,1,1,0
luispedro_merge,0,0,10,4,0,1,2,5,2,0,0,0
microfocus-idol_java-aci-types,2,5,20,1,0,1,2,5,2,0,0,0
Parsely_wp-parsely,2,0,31,6,1,1,3,23,2,1,0,0
ning_maven-dependency-versions-check-plugin,0,0,15,2,0,1,12,7,3,0,0,0
bmlt-enabled_bmlt_tabbed_map,9,0,66,2,1,2,34,17,6,0,0,0
OCA_account-financial-tools,5,1,50,3,0,2,2,11,6,0,1,0
AzureAD_azure-activedirectory-library-for-android,4,6,54,1,0,1,12,10,10,0,1,0
j4velin_WiFi-Automatic,0,0,15,1,0,1,2,3,0,0,0,0
openmrs_openmrs-contrib-android-client,0,0,29,1,0,1,22,6,6,0,0,1
GeoNode_geonode,29,0,381,13,1,5,1,18,7,1,1,0
mozfr_transvision,0,6,33,3,0,1,12,22,13,0,1,0
open-keychain_open-keychain,0,1,34,1,0,1,12,5,1,0,0,0
edx_XBlock,1,0,38,7,0,1,14,9,2,0,1,1
stadia_activerecord-mysql2rgeo-adapter,4,0,39,3,0,1,112,11,9,0,0,0
byroot_frozen_record,0,0,6,3,0,1,13,2,0,0,0,0
yaocloud_kaname,0,0,5,2,0,1,2,3,0,0,0,0
alexandrebignalet_es-get-removed-subscribers,2,0,32,2,0,2,12,18,8,0,1,0
zcobell_ADCIRCModules,0,6,34,1,0,1,11,6,5,0,0,0
andrea-lascola_Pytoolz,0,0,18,1,0,1,12,7,4,0,0,1
MichaelMure_Arbore,0,0,65,4,1,1,12,11,5,0,1,1
devsim_symdiff,0,4,38,2,0,1,0,5,4,1,0,0
edhille_func-midi-parser,0,0,7,2,0,1,2,4,0,0,0,0
patrikx3_verdaccio-cli,1,0,11,1,0,1,2,5,1,0,1,0
mapbender_mapbender-starter,1,0,35,4,0,1,12,21,6,0,1,0
mayah_tinytoml,0,0,19,1,0,1,2,4,8,0,1,0
ros-perception_image_transport_plugins,1,0,12,2,0,1,3,4,2,0,0,0
saucelabs_monocle,2,4,36,4,0,1,13,7,2,1,1,0
ReactTraining_history,0,0,19,2,0,2,2,3,6,0,1,0
keita-hino_todo,1,0,17,1,1,1,2,9,4,0,1,0
liveblog_liveblog,11,2,91,1,0,1,0,26,37,0,1,0
marcusps_GraphSim,0,0,15,2,0,1,3,5,4,0,0,0
iVantage_angular-ivh-treeview,0,0,12,1,0,1,2,5,4,0,0,0
rwz_natural_sort,0,0,17,7,0,1,12,4,0,0,1,0
crate_crate-jdbc,1,1,27,5,0,1,11,10,2,0,1,0
