name,reaper,ciclassifier
BhallaLab_moose-examples,1,1
spring-guides_gs-accessing-data-mongodb,1,0
libbitcoin_libbitcoin-server,1,1
cisco_openh264,1,1
wilr_silverstripe-googlesitemaps,1,1
playframework_play1,1,0
cncf_devstats,0,1
collinmutembei_III,0,1
TakWolf_Android-AspectRatioLayout,0,1
microsoft_pxt,1,1
cburgmer_xmlserializer,0,0
ai_autoprefixer-rails,1,0
spryker_product-image,1,1
mahmoud-birdsol_laravel-api-responses,0,0
symfony-cmf_block-bundle,0,1
phax_as2-lib,0,1
firegento_firegento-pdf,0,1
moimikey_stripquotes,1,0
sergeyklay_php-orm-benchmark,1,1
hellige_ccs-cpp,1,1
apache_druid,1,1
ccnmtl_mediathread,1,0
ArpNetworking_metrics-jvm-extra,1,1
Cadasta_cadasta-platform,1,1
rapid7_nexpose-client,1,1
thinkshout_feeding-texas,0,1
concrete5_concrete5,1,1
galaxyproject_bioblend,1,1
wantedly_dockerfile-terraform,1,0
react-boilerplate_react-boilerplate,1,1
apigee-internal_microgateway,1,0
inspirehep_inspire-next,1,1
UB-Mannheim_PalMA,1,1
unepwcmc_ORS-API,1,0
alibaba_transmittable-thread-local,1,1
lightswitch05_table-to-json,0,0
chef-cookbooks_chef-client,1,1
pyromoney_pyromoney-api,0,1
cosmicradiotv_livehub,0,1
fenix-framework_fenix-framework,1,0
alphagov_digitalmarketplace-buyer-frontend,1,0
fenos_Notifynder,1,1
wavefrontHQ_wavefront-sdk-python,1,1
HofSpannungMotorsport_CarSoftware,0,1
puppetlabs_puppetlabs-postgresql,1,1
neu-rah_ArduinoMenu,1,1
mehrmann_raytracing,0,0
controlshift_nation_builder,1,0
Starou_django-stachoutils,1,0
js-kyle_mincer,1,0
skandragon_gryphon_sitemap,0,0
microfocus-idol_java-idol-types,1,0
joshuaalpuerto_one-piece-skills,0,1
DAVKronos_Kronos-Website,0,1
talenfisher_x3p.js,0,1
lets-blade_blade,1,0
janbar_noson,1,1
litl_rauth,1,1
leafty_node-yaml-config,0,0
HonoluluHenk_gcmonitor,1,1
puppetlabs_puppetlabs-apache,1,1
intel_libyami-utils,1,1
propertyshelf_plone.mls.listing,0,1
Infineon_BlockchainSecurity2Go-Android,1,1
VerizonAdPlatforms_OneMobileSDK-controls-android,1,1
CocoaPods_Cork,0,0
eXolnet_laravel-module,1,1
algolia_algoliasearch-client-javascript,1,0
ciudadanointeligente_write-it,1,0
shubhra11mishra_pal-tracker,0,1
armada-ths_ais,1,1
adhearsion_adhearsion,1,1
HeliumProject_Engine,1,1
mapbox_mapbox-gl-styles,0,0
TrestleAdmin_trestle,1,1
RestComm_jdiameter,1,0
jredmondson_gams,1,1
OpenSOC_opensoc-streaming,1,0
kostopoulos_todo_mvc,0,0
jenkinsci_warnings-plugin,1,0
BhallaLab_moose-core,1,1
bpmn-io_diagram-js,1,0
masneyb_cavedbmanager,1,1
NYPL-Simplified_server_core,0,1
liip_LiipThemeBundle,1,1
tinymce_tinymce,1,1
mixpanel_mixpanel-js,1,0
brwyatt_puppet-flatpak,0,1
77web_DependencyAnalyzerUsage,1,0
yarynakorduba_public-transport-networks,0,0
Lartu_ldpl,1,1
rcannood_incgraph,0,0
zuixjs_zuix,1,0
ULYSSIS-KUL_ipp,1,0
mapbox_cardboard,1,0
doorkeeper-gem_doorkeeper-jwt,0,0
sensu_sensu-chef,1,0
fastdlabs_container,1,0
ianstormtaylor_slate,1,1
gluehbirnenkopf_gradle-jib,0,1
jubatus_jubatus,1,1
twaugh_journal-brief,1,1
JNRowe_versionah,1,1
moneyadviceservice_publify,1,1
sympy_sympy-bot,1,0
PR2_pr2_calibration,0,1
excamera_alfalfa,1,1
olssonm_l5-very-basic-auth,0,1
reactjs_react-docgen,1,0
gds-operations_puppet-auditd,1,0
lsphillips_RuntimeError,0,0
hakan42_chronos,1,1
apache_jena,1,0
Sage-Bionetworks_BridgeJavaSDK,1,0
azkaban_azkaban,1,1
popphp_pop-loader,0,1
luoqii_android_common_lib,0,1
celery_celery,1,1
culqi_culqi-java,1,0
demianmnave_CML,1,1
thoughtbot_suspenders,1,1
Integreat_cms,1,1
hyperflow-wms_hyperflow,1,0
siddharthkp_bundlesize,1,0
gmontard_dockrails,0,0
jjYBdx4IL_example-maven-project-setups,0,1
wmde_FundraisingFrontend,1,1
roschaefer_story.board,1,1
olivierHa_puppet-influxdb,1,1
SuperdeskWebPublisher_SWPMultiTenancyBundle,1,1
dimazest_poultry,0,1
yegor256_hoc,1,1
madhephaestus_ESP32Encoder,1,1
travis-ci_travis-api,1,1
lttb_reselector,1,1
glut23_webvtt-py,1,0
spotify_annoy,1,1
mate-desktop_caja-dropbox,1,1
metamx_java-util,1,0
epics-base_pvDatabaseCPP,1,0
openknowledge_reactive-jaxrs,1,0
spree-contrib_spree_i18n,0,1
cakephp_acl,1,1
rspec_rspec-core,1,1
enkessler_childprocess,1,1
frappe_erpnext,1,1
europeana_Europeana-Patternlab,1,0
rapid7_recog,1,1
yeoman_generator,1,1
amadeus4dev_amadeus-java,1,1
nguyentu1602_algorithm-tdd,1,0
elopez17_Soundwave,0,1
agateblue_django-navutils,0,0
ultraq_redhorizon,1,0
OCA_report-print-send,1,1
naparuba_shinken,1,1
butcherless_gradle-and-java8,0,0
telerik_kendo-ui-core,1,0
arches_table_print,1,0
gbmhunter_MFixedPoint,1,0
envato_event_sourcery_todo_app,1,0
scrapinghub_scrapinghub-entrypoint-scrapy,1,1
AaronRobson_py-elementary-cellular-automaton,1,1
phoet_on_ruby,0,0
aodn_aodn-portal,1,0
alexloboda_SVDFunctions,0,0
tarantool_test-run,0,1
doctrineum_doctrineum-string,0,1
browserify_browserify,1,1
akamai_AkamaiOPEN-edgegrid-java,1,0
bitcoin-computer_bitcoin-source,1,1
thephpleague_flysystem-sftp,1,1
WGBH_wagtail-streamfieldtools,0,1
ThaDafinser_UserAgentParser,1,1
yildiz-online_common-logging-logback,1,0
LucaCappelletti94_dictances,1,1
Dash-Labs_octo-receiver,0,1
I2PC_scipion,1,0
enthought_traitsui,1,1
LabSEC_libcryptosec,1,0
ipfs-shipyard_ipscend,1,1
riesenia_kendo,0,1
collective_collective.nitf,0,1
jejacks0n_teaspoon,0,1
fluent_fluentd,1,0
NUBIC_surveyor,1,0
chaoss_grimoirelab-perceval-puppet,0,1
AraBlocks_did-document-public-key,1,1
appserver-io_console,0,0
scikit-learn_scikit-learn,1,1
OhadR_oAuth2-sample,0,0
tildeio_rsvp.js,1,0
epistrephein_rarbg,0,1
icewind1991_SMB,1,1
DomRe_galaxy,1,1
usemarkup_OEmbedBundle,1,1
watir_watir-rails,1,0
ElMassimo_mongoid_includes,1,1
spiral_scaffolder,1,1
ITDSystems_alvex-orgchart,0,1
php-tmdb_laravel,0,1
bitchcraft_reactjs-boilerplate,1,0
juju-solutions_layer-basic,1,1
guardian_scribe-plugin-noting,0,1
HubSpot_jinjava,1,0
Erebot_Module_IrcTracker,0,1
gabynaiman_eternity,1,0
miguno_ksql-udf-examples,0,0
yamamuteki_chi-bus.jp,0,0
OCA_commission,1,1
barnabycolby_MMM-Carousel,0,0
unepwcmc_SAPI,1,1
volcoma_itc,1,1
HdrHistogram_HdrHistogram,1,0
NetCommons3_Boxes,0,1
unix-junkie_javafs,0,0
ncri_nested_form_fields,1,0
Zeex_samp-plugin-profiler,1,0
rajithaw_workflow-designer,0,0
acquiropay_php-sdk,0,0
locationtech_udig-platform,0,1
php-telegram-bot_telegram-bot-manager,1,1
BladeRunnerJS_brjs,1,1
expectedbehavior_acts_as_archival,1,0
zeeguu-ecosystem_Zeeguu-Core,1,1
catamphetamine_libphonenumber-js,1,0
JeroenDeDauw_FileFetcher,0,0
sourcelair_castor,0,1
shoes_shoes4,1,1
EliseJ_astroABC,1,1
microsoft_pxt-common-packages,1,0
NethServer_nethserver-lang,1,1
letrunghieu_wordpress-xmlrpc-client,0,1
asgrim_quality-tutorial,0,1
zinhart_ann,1,1
ruby-grape_grape,1,1
satya-das_cppparser,1,1
rburgst_okhttp-digest,1,1
XadillaX_Toshihiko-Memcached,0,0
BzCoder_SmartMediaPicker,0,1
gatgui_gcore,0,1
AppDirect_service-integration-sdk,1,0
gephi_gephi,1,1
groupdocs-total_GroupDocs.Total-for-Java-Dropwizard,1,1
GeBeater_dozer-jdk8-support,1,0
narunlifescience_runcircos-gui,0,1
heroku_configerator,1,0
iesdonana_mueveme-barba,1,1
horde_Url,1,1
puppetlabs_puppetlabs-mysql,1,1
umple_umple,1,1
arturictus_easy_serializer,1,1
glorpen_GlorpenPropelBundle,1,1
ahartoto_booklib,0,1
nfroidure_yerror,0,0
vle-forge_vle,1,1
hiqdev_omnipay-ecoin,0,1
objectiveweb_auth,0,1
telefonicaid_fiware-orion,1,0
japzio_docker-registry-helpers,0,1
davidmoten_logan,0,0
fosstp_fosstp,0,0
inthemill_istanbul-tolerant-merge,0,0
panterch_future_kids,1,1
thedava_xspf-tools,1,1
telemark_minelev-notifications,0,0
OCA_geospatial,1,1
gottfrois_link_thumbnailer,1,0
ff4j_ff4j,0,0
aimalz_chippr,0,1
amiroff157_smarthaus,1,0
jeremyong_Selene,1,1
OCA_product-attribute,0,1
zzdhidden_wechat-next,0,0
spot-next_core-next,1,1
gushphp_ToInlineStyleEmailBundle,0,0
cibox_cibox,1,0
miraheze_mw-config,1,0
Kitware_kwiver,1,1
nipy_nipype,1,1
neobrain_nihstro,1,0
austintoddj_zoom,0,0
smartdevicelink_sdl_core,1,1
eymengunay_php-passbook,1,0
railsbridge_docs,1,0
PluginsOCSInventory-NG_officepack,0,1
ReadyTalk_avian,1,0
leancloud_javascript-sdk,1,0
LaTruelle_Geac,0,1
OCA_reporting-engine,1,1
kachick_abb,0,0
nx-desktop_nx-simplemenu-applet,1,1
OpenTOSCA_container,1,0
Datamart_Komito,1,0
liuxsen_date-api,0,0
concord-consortium_rigse,1,1
spring-guides_gs-accessing-data-jpa,1,0
BigRedEye_cpparg,1,0
psfs_nosql,1,1
PODEntender_estatista,0,0
Azure_azure-sdk-for-node,0,0
statickidz_php-google-translate-free,0,0
webpack-contrib_npm-install-webpack-plugin,0,1
bulentv_js_zklib,1,0
cms-sw_cms-bot,0,1
kimihito_minotake,0,0
abdes_asap_app_imgui,1,1
Rubentxu_DreamsLibGdx,1,0
samrap_acf-fluent,1,0
construct-org_construct,1,1
mootools_mootools-core,0,1
ITArray_automotion-java,1,0
NTIA_scos-sensor,1,1
usharesoft_hammr,1,0
lschoe_mpyc,1,0
Eyescale_Equalizer,1,1
puppetlabs_hiera,1,0
royriojas_eslint-friendly-formatter,1,0
krishauser_KrisLibrary,1,0
vluzrmos_laravel-language-detector,0,0
marvinpinto_ansible-role-docker,0,1
ichylinux_closer,1,1
okpy_ok,1,1
lessersunda_lexirumah-data,0,1
Dynatrace_openkit-java,1,1
Kashomon_glift,0,0
ruby-grape_grape-entity,1,0
Tokimon_vanillajs-helpers,0,1
Aplyca_ansible-role-webapp,0,1
voxpupuli_puppet-vault_lookup,0,1
qossmic_rich-model-forms-bundle,1,1
spryker_stock,1,1
hawaiidatascience_metaflowmics,0,1
libbitcoin_libbitcoin-blockchain,1,1
Adyen_adyen-mirakl,1,1
DMKEBUSINESSGMBH_typo3-mksearch,0,1
tna0y_Python-random-module-cracker,0,0
twitter_twitter-cldr-rb,1,0
OSGeo_gdal,0,1
shutterstock_rickshaw,1,0
jpbonson_SBBFramework,1,0
briancairl_twod,1,1
sensu-plugins_sensu-plugins-sentry,0,1
digidentity_libsaml,1,0
TeleMidia_ginga,1,0
NAL-i5K_tripal_eutils,0,1
thenables_thenify,0,0
VestniK_portable_concurrency,1,0
p-groarke_fea_benchmark,1,1
yadahan_laravel-cardcom,0,0
GermaniaKG_Tracking,0,1
Hashfyre_ansimp_le,0,0
remotestorage_remotestorage.js,1,0
PADL_CredUI,1,1
yitsushi_jenkins2-api,0,0
benedikt_mongoid-tree,1,0
dennisss_tansa,1,0
pytroll_trollsift,0,1
Paparoni_goatapp,0,0
magic-modules_magic-modules.github.io,0,0
silverstripe_silverstripe-cms,1,1
mavlink_qgroundcontrol,1,1
Jasig_WeatherPortlet,1,0
benbalter_site-inspector,1,0
h4tr3d_avcpp,1,1
fusion-jena_JaroWinklerSimilarity,0,0
splunk_splunk-sdk-python,1,1
wanze_SeoMaestro,1,1
choury_sproxy,0,1
kuzzleio_kuzzle,1,1
corphish_NightLight,1,0
protobuf-c_protobuf-c,1,1
mrtrizer_mojito-reflection,0,1
konuralp_myDemoApp,0,0
GMOD_jbrowse,1,1
rubygems_rubygems.org,1,1
hoaproject_Dispatcher,0,1
ingenesis_shopp,1,1
expertiza_expertiza,1,1
eFaps_Data-Exporter,1,1
uclouvain_osis,1,1
medialab-ufg_tainacan,1,1
spotify_luigi,1,1
dina-web-nrm_dina-collections,1,1
datamade_openness-project-nmid,0,1
ArcSigov_otus-homework4,0,0
OCA_account-invoicing,1,1
paddydoyle_ipam-lite,0,0
segiddins_segiddins.me,0,0
sleuthkit_autopsy,1,1
quantcast_qfs,1,1
gkatzioura_CloudStorageMaven,0,0
Mastercard-Gateway_simplify-android-sdk,1,0
pockethub_PocketHub,1,0
x42en_IOServer,1,0
ECAM-Brussels_PythonAdvanced2BA,0,0
moai_moai-dev,0,0
seikichi_pry-inline,0,0
rpherbig_dr-scripts,1,0
kamo-naoyuki_pytorch_complex,0,0
heremaps_here-aaa-java-sdk,1,1
usb-tools_USBProxy-legacy,1,0
dpkp_kafka-python,1,1
JaneliaSciComp_elk-utilities,0,1
nimiq_core-js,1,1
EasonWang01_All2Json,0,0
neka-nat_dq3d,1,0
samleb_sexy_scopes,1,1
alirazaalvi_ReactBoilerplate,0,0
CDAT_vcdat,1,1
NethServer_nethserver-base,1,0
rishiqing_rishiqing-electron,0,1
lumoslabs_changes_are_logged,0,0
gdbots_pbjx-bundle-php,0,0
bkg_django-spillway,1,1
l0rdn1kk0n_wicket-webjars,0,0
gouarfig_board-notices,1,1
popovvladislav_job4j,1,0
OpenCPN_OpenCPN,1,1
mariazevedo88_json-formatter-validator,1,0
ILIAS-eLearning_ILIAS,1,1
KSIUJ_ksicamp-the-game,0,0
spryker_product-label-discount-connector,1,1
IdentityPython_JWTConnect-Python-OidcMsg,1,0
Wulf_nodehun,1,1
nearform_udaru,1,1
salesagility_SuiteCRM,1,1
Umar-Eh_Getting-a-jump-on-crime,0,0
OCA_account-reconcile,1,1
jhermsmeier_node-disk,0,0
Marri_glowfic,1,1
AlexandruGhergut_find-me-a-buddy,0,0
desihub_redrock,1,1
KnpLabs_KnpGaufretteBundle,1,0
Granicus_jekyll-ramler,0,1
msdk_msdk,1,0
convio_watirmark,1,0
Spicery_ginger,1,1
wagtail_Willow,1,1
salesforce_refocus,1,1
cparse_cparse,1,1
lmsgit_lms,0,1
expressjs_express,1,1
openmrs_openmrs-core,1,1
nanbando_core,1,1
ManageIQ_manageiq-messaging,1,0
rlucioni_blog,1,0
groovenauts_capistrano-systemd-multiservice,1,0
jfirebaugh_konacha,1,0
X-dea_MultiLocker,1,1
thoughtbot_paperclip,1,0
jhoblitt_puppet-ipmi,0,0
lbox87_smite-randomizer-client,0,0
animekita_selvbetjening,1,0
request_request,1,0
moveability_moveability,0,1
neomutt_homebrew-neomutt,1,1
Shopify_cli-ui,1,0
bluemarblepayroll_differential,1,1
OLC-Bioinformatics_StrainChoosr,0,1
juliangruber_isarray,0,0
arqex_react-datetime,0,0
varwishteam_varwish-fe,0,0
KnpLabs_Gaufrette,1,1
CitrineInformatics_api-documentation,0,0
kojimain_club-groupware-app,0,1
zecure_shadowd_php,1,0
eggcaker_jekyll-org,1,1
logstash-plugins_logstash-filter-collate,1,0
quaddy-services_escape-from-intranet,1,1
qcubed_qcubed,1,1
ezsystems_ezpublish-kernel,1,1
witte_Metronome,0,1
PapenfussLab_gridss,1,0
Project-OSRM_osrm-backend,1,1
opencredit_badgeos,1,1
honix_Pyno,1,0
zhm_minipg,0,0
nortikin_sverchok,1,1
platformio_platform-intel_mcs51,0,1
zed-0xff_pedump,1,0
swagger-api_swagger-codegen,1,1
gradle_playframework,1,1
livecode_livecode,1,1
rubysec_ruby-advisory-db,1,0
eclipse_dartboard,1,1
MattKetmo_EmailChecker,1,1
neos_flow-development-collection,1,1
walley_guidepost,1,1
asherbar_InspectorDB,0,0
earwig_mwparserfromhell,1,1
omeka_Omeka,1,1
zxz054321_laravel4china,0,0
audionamix_rtff,1,0
roundcube_roundcubemail,1,1
NoChanceSD_AncientGates,1,0
liip_LiipImagineBundle,1,1
henroca_react-material-keyboard,0,1
dunwu_spring-tutorial,1,0
wttech_AEM-Rules-for-SonarQube,1,0
Echsecutor_bitcoin_trading.echse,1,0
travis-ci_travis-cookbooks,1,0
adamnoto_bali,1,1
HubSpot_Singularity,1,0
bublejs_buble,1,1
animachine_animachine,0,0
oivoodoo_devise_masquerade,1,0
google_cdep,1,1
pezmaster31_bamtools,1,1
esbanarango_ember-model-validator,1,1
hrbrmstr_iptools,1,0
OpenBuildings_jam,1,1
mikera_tyrant,0,0
serverless-heaven_serverless-webpack,1,0
dolatapatryk1_text-transformer,0,0
asaschachar_optimizely-manager-js,0,1
novus_nvd3,1,1
puppetlabs_puppetlabs-ntp,1,1
BuildCraft_BuildCraft,1,1
freyo_laravel-queue-cmq,1,0
adomant_blog_finally,0,0
samarthbsb_SpringWebsocket,0,0
wso2_carbon-identity-framework,1,0
20c_munge,1,1
JCMais_node-libcurl,1,1
tfussell_xlnt,1,1
astorm_pestle,1,1
beloop_components,1,0
Adonai_Man-Man,1,1
victorhaggqvist_libtodotxt,0,0
the-events-calendar_the-events-calendar,1,1
bloomreach-forge_iframe-perspective,0,0
travis-ci_travis-build,1,1
shaggy8871_frame,0,0
nushio3_cmaes,1,0
dankogai_js-hexfloat,0,0
fougue_fougtools,0,1
mmckinst_puppet-hash2stuff,0,1
jruby_jruby,1,1
thoughtbot_clearance,1,0
cartalyst_sentry,1,1
maslick_bruncher,0,1
netresearch_t3x-contexts_geolocation,1,1
zli117_EInk-Calendar,1,1
SixArm_sixarm_ruby_uspto,0,0
erikkjellgren_SlowQuant,0,1
research-technologies_hull_synchronizer,1,0
pinussilvestrus_bncl,1,0
trinodb_tempto,1,1
RubyMoney_money,1,0
Teevity_ice,0,0
Donaldcwl_browser-image-compression,0,0
demokratikollen_demokratikollen,0,1
facebook_facebook-android-sdk,1,1
pjc0247_rookie.lang,1,0
adopted-ember-addons_ember-impagination,1,1
jaridmargolin_wss-manager,0,0
mwibrow_sphinx-sass,0,0
kylesferrazza_jerrymercogliano,1,0
foxtacles_rj_schema,0,0
AO-StreetArt_Adrestia,1,1
bmcfee_pumpp,1,1
buguroo_pyknow,1,0
OCA_partner-contact,1,1
DIYer22_boxx,0,0
JonnyPtn_SFML-DOOM,1,1
PX4_PX4-Autopilot,1,1
optimizely_nuclear-js,1,0
GetSky_php-airac,1,1
sarahtattersall_PIPE,1,0
PabloCastellano_libcnml,0,0
DDMAL_diva.js,0,1
instedd_resourcemap,1,1
rodjek_rspec-puppet,1,1
abotalov_waiting_rspec_matchers,0,0
svl-studios_google-fonts,0,0
plone_plone.testing,0,1
imatesiu_TestHWCorrispettivi,0,0
rapid7_metasploit_data_models,1,1
KState-HEP-HTT_SMHTT_Analyzers,0,0
kadrlica_dsphsim,1,1
getgrav_grav,1,1
lesscpy_lesscpy,1,0
blueberryapps_translation-server,0,1
relative-ci_agent,0,1
fex-team_node-ral,0,0
stacktracejs_stack-generator,0,0
anthill-platform_anthill-common,1,1
imglib_imglib2,1,0
VioletGiraffe_cpp-template-utils,1,1
carsevbarus_decide-test,0,0
SpineEventEngine_jdbc-storage,1,1
informatics-isi-edu_chaise,1,1
SUSE_salt-netapi-client,1,1
mrajo_cupelix,0,0
pulp_pulp,1,1
hmcts_hwf-staffapp,1,1
scrapy_cssselect,1,0
Pylons_substanced,1,0
kquiet_auto-browser,1,1
chubbyphp_chubbyphp-deserialization,1,1
rspec_rspec-activemodel-mocks,0,1
jonathangingras_ckick,1,0
resilience4j_resilience4j,1,1
SC5_sc5-styleguide,1,0
Layto888_laylib,1,0
Comcast_zucchini,1,0
crdoconnor_xeger,0,0
conda-forge_binutils-feedstock,1,0
kontena_kontena,1,1
ccnmtl_dmt,1,0
yui_yui3,1,0
jackmoody11_stockscore,0,1
capacity4dev_capacity4more,0,1
cerner_terra-core,1,1
miracle2k_django-assets,1,1
tech256_r2d8,1,1
pdobb_pronto-bundler_audit,0,1
redcross_arcdata,1,1
fwilliams_numpyeigen,1,1
ebru_sending-messages,0,0
esac-ic_esac.nl,0,1
dschadow_JavaSecurity,1,0
Hosiang1026_Hosiang1026.github.io,0,1
kakserpom_phpdaemon,1,1
skalenetwork_libBLS,1,1
CAAPIM_webpack-config,1,1
ONSdigital_rm-common-test-framework,1,1
woocommerce_woocommerce,1,1
NeilJustice_ZenUnitAndMetalMock,1,1
coffeestats_coffeestats-django,0,1
lccgov_generator-lcc-sharepoint,1,1
karriereat_php-code-quality,1,0
bencbartlett_Overmind,0,0
JeroenDeDauw_QueryrAPI,0,0
UnionOfRAD_lithium,1,1
dev-sec_linux-baseline,1,0
enova_landable,1,1
ssistoza_pokemon-viewer,0,0
dcendents_android-maven-gradle-plugin,0,0
airbnb_epoxy,1,0
Nepherte_bing-proxy,0,1
netguru-college_vol4-dugong,0,0
jczaja_test-openmp,1,0
afs_text-table,0,0
ysc_word,1,0
woocommerce_storefront,0,1
netiam_contrib-rest,1,0
mikahama_syntaxmaker,0,1
ctlabvn_Recaptcha,0,1
audioscience_avdecc-lib,1,0
abuccts_wikt2pron,1,0
noironetworks_apic-ml2-driver,1,0
culturagovbr_salic-minc,0,0
all3dp_meshprop,0,1
tyabe_kpt-it,0,0
virtuald_pyhcl,1,1
gini_dropwizard-gelf,1,0
celery_billiard,1,0
ethereumjs_ethrpc,1,1
codecentric_spring-boot-admin,1,1
kinglozzer_silverstripe-multiselectfield,1,1
neuromorphic-paris_chameleon,1,1
spatie_ssl-certificate-chain-resolver,1,1
q-flux_SOEN341,0,1
Soapbox_GoodTalk-Webhooks,0,0
nostra13_Android-Universal-Image-Loader,1,0
private-datagram_pdg-core,1,1
cheeriojs_cheerio,1,0
python_mypy,1,1
xero-gateway_xero_gateway,1,0
xp-forge_web,0,1
cotag_http-parser,1,0
bcr_Motobuddy,0,0
ulfurinn_wongi-engine,1,0
jlib-framework_jlib-iterable,0,0
learning-unlimited_ESP-Website,0,1
apache_cloudstack,1,1
mozilla_jx-sqlite,1,0
rapid7_metasploit-framework,1,1
JeffValenti_SME,1,1
FriendsOfSymfony1_symfony1,1,1
m-jch_Date,0,0
iiif-prezi_iiif-prezi,1,1
servicecatalog_development,1,1
unifiedjs_unified-engine,0,0
Axway_ats-distrib,0,1
Magomogo_barberry-interfaces,0,1
rickfast_consul-client,1,0
rubygarage_detectify,0,0
gomexvato_mm,1,1
itdxer_neupy,1,1
1846689910_type-18-hek,1,1
vojtasvoboda_oc-twigextensions-plugin,0,1
vufind-org_vufind,1,1
caelum_vraptor4,1,0
stevenjackson_pinch_hitter,0,0
narrowspark_framework,1,1
pippo-java_pippo,1,0
netresearch_t3x-contexts_wurfl,1,1
PatrikValkovic_StandardTemplates,1,1
shunwen_fluent-plugin-rename-key,1,0
yodaos-project_node-flora,1,1
sburgess287_blog-app-mongoose-challenge-solution,0,0
electrode-io_isomorphic-loader,1,0
opengm_opengm,1,1
Leaflet_Leaflet,1,0
TerriaJS_terriajs,1,1
miso-lims_miso-lims,1,1
etalab_rna_as_api,1,1
jansenfelipe_cpf-gratis,0,1
BookingSync_bookingsync_portal,1,0
mindplay-dk_unbox,0,0
statsmodels_statsmodels,1,1
lucajackal85_ImageMerge,0,1
roundpartner_configuration,0,1
tacoss_logro,0,0
sideway_joi,1,0
enthought_chaco,1,1
bbc_waveform-data.js,1,1
OXID-eSales_oxideshop_ce,1,1
sherman5_wiimake,1,0
NCEC20182019_Scheduler,0,1
vonpupp_dotfiles-ansible,0,1
Morrolan_surrealism,1,0
tranchis_xsd2thrift,1,0
microsoft_fastlane-plugin-appcenter,1,0
ratchetphp_Pawl,1,0
Frederikam_Lavalink,1,0
nfe_client-php,1,0
iobroker-community-adapters_ioBroker.proxmox,1,1
svenfuchs_rails-i18n,1,0
philr_bzip2-ffi,0,1
project-sunbird_sunbird-content-editor,1,1
digital-antiquity_DataARC,0,1
acc-cosc-1337-spring-2019_acc-cosc-1337-spring-2019-k1788723,1,1
puppetlabs_packaging,1,0
telemark_tfk-dsf-unwrap-contact,0,0
stts-se_wikispeech-server,1,1
TGLS_4806project,0,0
pagekit_pagekit,1,0
CityOfPhiladelphia_phila.gov,1,0
node-3d_image-raub,1,1
puppetlabs_puppetlabs_spec_helper,1,0
leanote_leanote,0,1
PrestaShop_PrestaShop,1,1
Calvin-L_backup,1,1
mercadolibre_chico,1,0
sammyfung_hk0weather,0,0
emre_kaptan,1,0
ivantsepp_codeclimate-scss-lint,0,0
Terabee_teraranger_array,1,0
EXIficient_exificient,1,0
lbriais_easy_app_helper,1,0
ndarray_ndarray,1,1
yodaos-project_edge-monitor,1,1
filestack_filestack-ruby,1,0
symphonycms_symphonycms,1,1
SonarSource_sonarqube,1,1
konnectors_cozy-konnector-orange,1,1
zzak_mruby-uri,0,0
clupprich_pronto-yard,0,0
networknt_light-rest-4j,1,0
sizuhiko_cakephp-fabricate-adaptor,0,1
datacite_orcid_client,0,0
PythonicNinja_pydrill,1,1
Sanji-IO_sanji,1,1
hhatto_pgmagick,1,1
Phyrone_LibLoader,0,0
Azure_azure-storage-ruby,0,0
ncastilho_penfold-api,0,0
Jvanrhijn_CXXfoil,1,1
malexer_pytest-spark,1,1
opengrav_gmeterpy,0,1
opf_openproject,0,1
LuomingXu_OAuth,1,0
ZeitOnline_pyramid_dogpile_cache2,0,0
roadmanfong_react-skycons,0,0
LEMS_jLEMS,1,1
gucong3000_postcss-unprefix,1,0
edx_edx-ora2,1,1
sferik_twitter,1,0
shekyan_slowhttptest,1,1
ericrochow_continuous-integration-travis,0,0
spryker_quote,1,1
art-of-dom_hash-it,1,1
cdapio_coopr,1,1
microsoft_pai,1,1
arvindr21_diskDB,0,0
vmangos_core,1,1
jeremypoulter_MicroTasks,0,1
andrewbonney_mdns-debugger,0,0
blangel_ply,1,1
walkingice_MomoDict,1,1
collabook_interface,0,1
ekylibre_ekylibre,1,1
forrest79_DeployPhp,0,1
recurly_recurly-client-python,1,0
DarthGandalf_test,0,0
treydock_puppet-infiniband,1,1
DDMAL_libmei,0,1
TeknooSoftware_sellsy-client,1,1
oskariorg_oskari-server,1,1
chuqianyiding_blankmath,1,0
rmbreak_pam_ldapdb,0,0
ruby-ldap_ruby-net-ldap,1,1
WikiEducationFoundation_WikiEduDashboard,1,1
MC-U-Team_Useful-Backpacks,1,1
emiellohr_paynl-rb,0,0
Commit451_NativeStackBlur,0,0
tdunning_t-digest,1,0
spryker_company-unit-address,1,1
saltstack_salt-contrib,1,1
enigma-dev_enigma-dev,0,1
pouchdb_pouchdb,1,1
rjrodger_use-plugin,0,0
bakercp_ofxTaskQueue,0,1
Yoast_YoastSEO.js,1,1
fatfreecrm_fat_free_crm,1,1
the-events-calendar_tribe-common,0,1
mmateja_dirclean,0,0
zz85_space-radar,0,1
ChargePoint_pydnp3,0,1
Japle_python-pagseguro,1,0
sebastiangoetz_slr-toolkit,1,0
apache_hive,1,1
FromDoppler_relay-webapp,1,1
sharmalab_Datascope,0,0
Opetushallitus_omatsivut,1,1
eggjs_egg-logger,0,0
hrydgard_ppsspp,1,1
substancelab_rconomic,1,0
linaGirl_ee-types,0,0
EMBL-EBI-SUBS_file-processing-listener,1,1
MonicBuilder_monic-loader,0,0
thyrlian_JunitReportGenerator,0,0
pro-mushen_uploader-images,0,1
socketio_socket.io-redis,1,0
kimmobrunfeldt_nap,1,1
tobie_specref,0,0
soef_ioBroker.find-my-iphone,1,0
icatproject_authn.simple,0,0
sufleR_sql_query,1,1
webdriverio_cucumber-boilerplate,1,1
CakeDC_users,1,1
PickNikRobotics_rosparam_shortcuts,0,1
juliuste_zhv-de,0,0
f-list_fserv,1,1
AJEETX_LongTask,0,0
gopaycommunity_gopay-php-api,1,0
draios_sysdig,1,1
phoboxhq_phobox,1,0
thoughtbot_factory_bot_rails,1,0
OCA_stock-logistics-warehouse,1,1
danvk_dygraphs,1,0
ogerardin_project-guarana,0,0
open-amdocs_zusammen,1,1
Cosylab_nds3,1,0
jruby_activerecord-jdbc-adapter,1,1
liip_LiipFunctionalTestBundle,1,1
logstash-plugins_logstash-output-lumberjack,1,0
pda_flexihash,1,1
Anrop_AAR-Rails,0,0
sabbir-rupom_akaash-rest-api,1,1
pmviva_follow_system,0,0
Seagate_openSeaChest_LogParser,1,1
am2222_pydggrid,1,1
alpha-miner_Finance-Python,1,1
tim-group_java-statsd-client,1,0
mulesoft-labs_raml-for-jax-rs,1,0
ushahidi_platform-client,1,1
learnweb_moodle-mod_collabora,1,1
fisharebest_webtrees,1,1
mumble-voip_mumble,1,0
michaeljennings_carpenter,1,1
adrien-matta_nptool,1,1
django-haystack_django-haystack,1,1
asciidoctor_kramdown-asciidoc,1,0
hikaruna_rolling,1,0
OCA_vertical-medical,1,1
facebook_folly,1,1
Segfault-Inc_Multicorn,1,1
colons_instant-coverage,1,1
nengo_nengo,1,1
IonicaBizau_tithe,0,0
michaelherold_codeclimate-haml-lint,1,1
logstash-plugins_logstash-input-heartbeat,1,0
rackspace_php-opencloud,1,1
dockstore_dockstore,1,1
Idrinth_lwv,0,1
Winfidonarleyan_kargatum-system,1,1
Vinelab_NeoEloquent,1,1
sergicastro_manage-credentials,0,1
MoombaDS_quest,0,1
Brig13Team_Operation_Kerberos,0,1
Dolibarr_dolibarr,1,1
ipa320_cob_robots,0,0
Nehon_bootmonkey,0,1
instantbox_instantbox,1,0
Giorgiosaud_wedcontest2018,0,1
grahamhar_aws-rotate,0,0
tiborv_memory-cache-ttl,0,0
Netflix_Priam,1,1
keboola_geocoding-augmentation,0,1
atria-soft_ege,1,1
spatie_typed,1,1
prodis_correios-cep,0,0
jcarreira_cirrus,1,1
headius_invokebinder,0,0
ventoviro_windwalker-test,0,1
thomasmoelhave_tpie,1,1
fmd_lazyconf,1,1
KonstantinKuklin_HandlerSocketLibrary,0,1
allenwq_devise-multi_email,1,0
tymondesigns_lkr,0,0
tronprotocol_java-tron,1,1
alan-turing-institute_CleverCSV,1,1
Tanaguru_Contrast-Finder,1,0
teralytics_ansible-hdfs,0,0
bbangert_retools,1,0
uw-loci_visbio-imagej,0,0
ts-3156_twitter-with-auto-pagination,1,0
code4lib_ruby-oai,0,0
puppetlabs_puppetlabs-firewall,1,1
Syncplay_syncplay,1,1
KWZwickau_SPHERE-Framework,1,1
avz_node-posix-clock,0,0
reikdas_Small-Scripts,1,0
general03_flask-autoindex,1,1
krobertson_deb-s3,1,0
AzureAD_azure-activedirectory-library-for-js,1,0
arangodb_arangodb-java-driver,1,0
HSR-SE2Proj_JBomberman,1,0
JolitaGrazyte_discogs-api,1,1
zikula_core,1,1
facebook_mcrouter,1,0
travis-ci_travis-web,1,1
rawler_bithorde,1,1
nzw0301_tokenizer,0,0
dreipol_vue-fetch-route,0,0
compbiocore_qckitfastq,0,1
lian_bitcoin-ruby,1,0
SUSE_machinery,1,0
jeremyevans_rodauth,1,1
gammasoft71_tunit,1,1
hasgeek_events,0,1
lstrojny_phpunit-function-mocker,0,0
spryker_api-query-builder,1,1
ResourcefulHumans_svg-template-builder,1,1
brycedrennan_eulerian-magnification,1,0
snebes_php-daisydiff,1,1
egotter_egotter,0,1
Netflix_security_monkey,1,1
Crizz0_phpbb3-about-us,0,1
spryker_cms-block-product-storage,1,1
jegelstaff_formulize,1,1
imagej_imagej-mesh,1,0
cdapio_cdap_cookbook,1,1
trjahnke_djangoPolls,0,1
Anrop_Anrop-API,0,0
broadinstitute_picard,1,1
blackwinter_bismas,1,1
airbnb_native-navigation,1,0
redpony_cdec,1,1
percy_react-percy,1,1
willnet_gimei,0,0
feldoh_JZookeeperEdit,1,1
DGtal-team_DGtal,1,1
numenta_htm.java,1,0
broccoli-html-editor_broccoli-html-editor,0,1
suitmedia_frontend-lighthouse-audit,0,1
DDMAL_Rodan,1,1
lsst_obs_sdss,0,0
Cutehacks_duperagent,1,1
jaywcjlove_hotkeys,1,0
dwenzel_t3events,1,1
pods-framework_pods,1,1
j-schumann_translation-module,0,1
djavan-bertrand_JCVD,0,1
amanzanero_shpe-tutor-scheduler,0,0
symfony-cmf_cmf-sandbox,1,1
szechyjs_mbelib,1,1
Netflix-Skunkworks_Scumblr,1,0
south37_yard2steep,1,0
Vizzuality_trase,1,1
AspenWeb_pando.py,1,0
OCA_sale-workflow,1,1
Freeseer_freeseer,1,1
mincong-h_jaxrs-2.x-demo,1,1
remarkjs_remark-html,0,0
egulias_EmailValidator,1,1
mantisbt_mantisbt,0,1
saalfeldlab_render,1,0
jcryptool_crypto,1,0
woboq_woboq_codebrowser,1,0
stellar_stellar-client,1,1
mcallegari_qlcplus,1,1
ctreatma_beer_bot,0,0
sproutcore_sproutcore,1,1
jasmine_jasmine_junitxml_formatter,0,0
jcabi_jcabi-maven-plugin,1,1
marek629_SIR,1,1
dyonir_vue2-persian-datepicker,0,0
morphoorg_morpho,1,1
CachetHQ_Cachet,1,1
parse-community_parse-php-sdk,1,1
pixelnest_presskit.html,0,0
jvcleave_ofxOMXCamera,0,0
psf_black,1,0
StackStorm_st2,1,1
knex_knex,1,1
IgniteUI_igniteui-angular,1,1
influunt_influunt,0,1
MarcoBuster_OrarioTreniBot,1,1
joni2back_angular-filemanager,1,1
wxWidgets_wxWidgets,0,1
OCA_server-tools,1,1
andrascii_cpprobotparser,1,0
seandepagnier_plots_pi,0,1
pablo-sg-pacheco_file-renaming-on-upload,0,0
ktuukkan_marine-api,1,0
apache_commons-csv,1,0
DigitalWPI_digitalwpi,0,1
Nepherte_commons-cli,1,0
montagejs_montage,1,1
beloop_CoreBundle,0,0
indibeast_currency-format,1,1
socketry_async-dns,0,0
OCHA-DAP_hdx-ckan,1,1
TUM-Dev_Campus-Android,1,1
PowerDNS_pdns,1,1
rapid7_metasploit-credential,1,1
remi_her,1,1
django-oscar_django-oscar-docdata,1,1
myhdl_myhdl,1,1
seqan_seqan,1,1
dimagi_commcare-cloud,1,1
jruby_warbler,1,1
gin0606_tukune,0,1
morishitter_picostyle,1,0
hasgeek_baseframe,1,1
beautifuldonkey_SurvivorsGuide,0,1
gkjohnson_urdf-loaders,0,0
openprocurement_openprocurement.tender.openuadefense,1,1
SidRoberts_phalcon-events,0,1
ecaepp_ansible_role_nginx,0,0
TUM-I5_ASAGI,1,1
inpsyde_MetaboxOrchestra,1,1
MilesChou_slim-test,0,1
darryldecode_laravel-starter-kit,0,1
tarmstrong_git2json,1,1
sirixdb_brackit,1,0
sigoden_htte,0,0
nexylan_slack-bundle,0,1
phalcon_cphalcon,1,1
gaul_s3proxy,1,1
logstash-plugins_logstash-filter-useragent,1,0
kato_kato-ui,0,0
sonofeft_PyHatch,0,0
michaelmior_NoSE,1,1
molgenis_molgenis,1,1
jeremyevans_ruby-american_date,0,0
pomm-project_Cli,1,1
Mozu_generator-mozu-theme,0,1
mozilla_elmo,1,1
xp-forge_functions,0,1
hivesolutions_cameo_android,0,1
WGBH-MLA_pbcore,1,0
alphagov_paas-cf,1,1
anthony-quiros_openChat,1,0
MariaDB_server,1,1
bung87_moto-moe,0,1
clarete_forbiddenfruit,0,1
Soldy_interactiveConsole,0,0
linagora_hublin,1,0
mapbox_node-fontnik,1,1
oscar-stack_vagrant-hosts,1,1
gjtorikian_html-pipeline,1,1
thoward27_algorithms,1,0
icewing1996_biaffine-parser,1,1
pypa_warehouse,1,1
arhaikal_veriffymycar,0,0
muddydixon_fluent-plugin-anomalydetect,0,0
devnexen_rbcLib,0,0
cylon-v_dandy,1,0
ThomasWeinert_carica-io,0,1
square_dagger,1,1
Pylons_paginate,1,0
jkraemer_redmine_pushover,0,1
Yubico_php-yubico,0,0
gocodebox_lifterlms,1,0
vektor-inc_biz-vektor,1,1
otavanopisto_muikku,1,1
yinian1992_flask-docs-cn,1,0
uolcz_pina,0,0
everypolitician_everypolitician-data,0,1
lml_quadbase,1,1
jimmoores_quandl4j,1,0
airbnb_javascript,1,1
yeutech-lab_wallpapers-yeutech,1,1
cozy_cozy-drive,1,1
fkhadra_react-on-screen,1,0
kmels_SigPyParser,1,1
Switajski_FlexibleOrders,0,0
TeamWizardry_TMT-Refraction,1,0
ModeShape_modeshape,1,1
CruGlobal_kirby,0,0
hecom-rn_IncUpdate,0,0
briefmnews_django-esidoc,0,1
kmpm_nodemcu-uploader,1,0
enobufs_dtimer,0,0
plone_plone.versioncheck,0,1
ColdTrick_elasticsearch,0,1
adgproject_adg,1,1
hawkular_hawkular-alerts,1,1
chemfiles_cfiles,1,1
cryptocoinjs_eckey,0,0
vinsol-spree-contrib_spree_bank_transfer,1,0
intermine_intermine,1,1
cocos2d_cocos2d-js,1,1
puppetlabs_pdksync,1,0
joshka_junit-json-params,1,0
ihaohong_algs,0,0
mozilla_mozillians-tests,1,0
vend_mysql-uuid,1,0
hashicorp_nomad-java-sdk,1,0
OpenNebula_one,1,1
criesbeck_thinking-with-hooks,0,0
privrja_bbdgnc,1,1
AcademySoftwareFoundation_OpenShadingLanguage,1,1
ofbeaton_command-running,0,1
vcalderon2009_Red_Sequence_Evolution,0,0
hzxie_voj,1,1
NullHypothesis_bridgedb,1,1
nadirhamid_oneline,1,0
randombit_botan,1,1
proseline_paid.proseline.com,0,0
AteneoMolinaDeSegura_jekyll,0,1
leapmotion_autowiring,1,1
kriskowal_q,1,0
marvin255_serviform,1,1
forgemo_bittrex-java-client,1,0
publiclab_plots2,1,1
js-cli_js-liftoff,1,0
wojdyr_xylib,1,0
jsalonen_yle-api,0,0
commercetools_commercetools-sunrise-java,1,1
Codeception_Codeception,1,1
edx_ecommerce-worker,1,1
openstreetmap_openstreetmap-website,1,1
Idrinth_php-yaml-facade,1,1
Justin-ad-Park_spring-webservice,0,1
tip-grupo-2_biblo,1,0
pat_combustion,1,1
flubshi_pvr.waipu,0,1
Theano_Theano,1,1
ruby_ruby,1,1
rom-rb_rom-csv,1,0
PrincetonUniversity_IMDb,1,0
jenkinsci_github-plugin,1,0
cs3243-project-group-18_poker-ai,0,1
tastypackets_x12-parser,0,0
fluent_fluent-logger-python,1,1
Kosmas_leaguer,0,0
basho_riak-python-client,1,1
JMRI_JMRI,1,1
bostko_doc2text,1,0
serge-sans-paille_pythran,1,1
Martin-Dames_Tingeltangel,1,0
arescentral_antares,1,1
gizatt_pydrake_kuka,0,0
odota_web,0,1
andersondanilo_CnabPHP,1,1
Zarad1993_dyc,1,0
Warzone2100_warzone2100,1,1
novius-os_core,0,1
pine_illya,0,0
projectcypress_cypress,1,1
pyprism_Hiren-Vault,1,1
massiveart_MassiveSearchBundle,1,1
whitesmith_rubycritic,1,1
analogwp_analogwp-templates,0,1
albertodemichelis_squirrel,1,0
Netflix_servo,1,0
martinfehrs_whirl,1,1
collective_icalendar,1,0
notmarkmiranda_memento_mori,0,1
codez_dry_crud,1,0
hazimehh_L0Learn,1,0
ambimax_magento-module-ambimax-lazycatalogimages,0,1
healeycodes_EmojiStreamer,0,1
imglib_imglib2-introductory-workshop,0,0
conda-forge_nodejs-feedstock,1,1
naver_android-imagecropview,0,0
analogdevicesinc_libsmu,1,1
ethereum_ethereumj,1,1
Anaconda-Platform_anaconda-client,1,1
silvershop_silvershop-shipping,0,1
Javernaut_WhatTheCodec,1,1
OmegaK2_PyPoE,1,1
projectdx_hancock,1,0
akvo_akvo-flow-mobile,1,1
wultra_powerauth-webflow,1,0
czim_laravel-dataobject,1,1
sportngin_hubstats,1,1
churchill-lab_emase,1,1
saveriomiroddi_spreadbase,0,0
lpaulsen93_dokuwiki-plugin-odt,0,1
ekinhbayar_BrillTagger,0,1
pyload_pyload,1,1
hspsh_whois,1,0
codenautas_multilang,1,0
praxis_praxis,1,0
qiwi_di-container,0,1
travis-ci_travis-hub,1,1
ipfs_js-ipfs,1,1
dmfs_ContentPal,1,0
iawia002_Diana,0,1
luispedro_merge,0,0
microfocus-idol_java-aci-types,1,0
Parsely_wp-parsely,0,1
ning_maven-dependency-versions-check-plugin,1,0
bmlt-enabled_bmlt_tabbed_map,0,1
OCA_account-financial-tools,1,1
AzureAD_azure-activedirectory-library-for-android,1,1
j4velin_WiFi-Automatic,1,0
openmrs_openmrs-contrib-android-client,0,0
GeoNode_geonode,1,1
mozfr_transvision,1,1
open-keychain_open-keychain,1,0
edx_XBlock,1,1
stadia_activerecord-mysql2rgeo-adapter,1,1
byroot_frozen_record,1,0
yaocloud_kaname,1,0
alexandrebignalet_es-get-removed-subscribers,0,1
zcobell_ADCIRCModules,1,1
andrea-lascola_Pytoolz,0,0
MichaelMure_Arbore,0,1
devsim_symdiff,1,1
edhille_func-midi-parser,0,0
patrikx3_verdaccio-cli,0,0
mapbender_mapbender-starter,1,1
mayah_tinytoml,1,1
ros-perception_image_transport_plugins,0,0
saucelabs_monocle,1,1
ReactTraining_history,1,1
keita-hino_todo,0,1
liveblog_liveblog,1,1
marcusps_GraphSim,0,0
iVantage_angular-ivh-treeview,0,0
rwz_natural_sort,0,0
crate_crate-jdbc,1,0
